-- phpMyAdmin SQL Dump
-- version 5.2.1
-- https://www.phpmyadmin.net/
--
-- Servidor: 127.0.0.1:3306
-- Tiempo de generación: 15-01-2025 a las 20:57:17
-- Versión del servidor: 10.4.32-MariaDB
-- Versión de PHP: 8.2.12

SET SQL_MODE = "NO_AUTO_VALUE_ON_ZERO";
START TRANSACTION;
SET time_zone = "+00:00";


/*!40101 SET @OLD_CHARACTER_SET_CLIENT=@@CHARACTER_SET_CLIENT */;
/*!40101 SET @OLD_CHARACTER_SET_RESULTS=@@CHARACTER_SET_RESULTS */;
/*!40101 SET @OLD_COLLATION_CONNECTION=@@COLLATION_CONNECTION */;
/*!40101 SET NAMES utf8mb4 */;

--
-- Base de datos: `opos_db`
--

-- --------------------------------------------------------

--
-- Estructura de tabla para la tabla `cart`
--

CREATE TABLE `cart` (
  `id` int(30) NOT NULL,
  `client_ip` varchar(20) NOT NULL,
  `user_id` int(30) NOT NULL,
  `product_id` int(30) NOT NULL,
  `qty` int(30) NOT NULL
) ENGINE=InnoDB DEFAULT CHARSET=utf8mb4 COLLATE=utf8mb4_general_ci;

--
-- Volcado de datos para la tabla `cart`
--

INSERT INTO `cart` (`id`, `client_ip`, `user_id`, `product_id`, `qty`) VALUES
(10, '', 183, 96, 1);

-- --------------------------------------------------------

--
-- Estructura de tabla para la tabla `category_list`
--

CREATE TABLE `category_list` (
  `id` int(30) NOT NULL,
  `name` text NOT NULL
) ENGINE=InnoDB DEFAULT CHARSET=utf8mb4 COLLATE=utf8mb4_general_ci;

--
-- Volcado de datos para la tabla `category_list`
--

INSERT INTO `category_list` (`id`, `name`) VALUES
(1, 'Maquillaje'),
(2, 'Cuidado de la Piel'),
(3, 'Arreglo de Uñas'),
(4, 'Herramientas de Belleza'),
(5, 'Perfumes y Fragancias'),
(6, 'Cuidado del  cabello');

-- --------------------------------------------------------

--
-- Estructura de tabla para la tabla `orders`
--

CREATE TABLE `orders` (
  `id` int(30) NOT NULL,
  `name` text NOT NULL,
  `address` text NOT NULL,
  `mobile` text NOT NULL,
  `email` text NOT NULL,
  `status` tinyint(1) NOT NULL DEFAULT 0
) ENGINE=InnoDB DEFAULT CHARSET=utf8mb4 COLLATE=utf8mb4_general_ci;

--
-- Volcado de datos para la tabla `orders`
--

INSERT INTO `orders` (`id`, `name`, `address`, `mobile`, `email`, `status`) VALUES
(29, 'Stanley Figueroa', 'Santa ana', '12091291', 'stanley@gmail.com', 1),
(30, 'Cesar Stanley Rivera Figueroa', 'santa ana norte', '76763350', 'stanleyfigueroa2021@gmail.com', 1),
(31, 'Cesar Stanley Rivera Figueroa', 'santa ana norte', '76763350', 'stanleyfigueroa2021@gmail.com', 1),
(32, 'Cesar Stanley Rivera Figueroa', 'santa ana norte', '76763350', 'stanleyfigueroa2021@gmail.com', 1),
(33, 'Cesar Stanley Rivera Figueroa', 'santa ana norte', '76763350', 'stanleyfigueroa2021@gmail.com', 1);

-- --------------------------------------------------------

--
-- Estructura de tabla para la tabla `order_list`
--

CREATE TABLE `order_list` (
  `id` int(30) NOT NULL,
  `order_id` int(30) NOT NULL,
  `product_id` int(30) NOT NULL,
  `qty` int(30) NOT NULL
) ENGINE=InnoDB DEFAULT CHARSET=utf8mb4 COLLATE=utf8mb4_general_ci;

--
-- Volcado de datos para la tabla `order_list`
--

INSERT INTO `order_list` (`id`, `order_id`, `product_id`, `qty`) VALUES
(56, 29, 39, 1),
(57, 29, 16, 1),
(58, 30, 28, 1),
(59, 30, 1, 3),
(60, 31, 28, 1),
(61, 32, 19, 5),
(62, 33, 43, 1),
(63, 33, 2, 2),
(64, 33, 5, 1),
(65, 33, 40, 2),
(66, 33, 36, 1),
(67, 33, 37, 4),
(68, 33, 35, 5),
(69, 33, 39, 3),
(70, 33, 34, 3),
(71, 33, 38, 5);

-- --------------------------------------------------------

--
-- Estructura de tabla para la tabla `product_list`
--

CREATE TABLE `product_list` (
  `id` int(30) NOT NULL,
  `category_id` int(30) NOT NULL,
  `name` varchar(100) NOT NULL,
  `description` text NOT NULL,
  `price` float NOT NULL DEFAULT 0,
  `img_path` text NOT NULL,
  `status` tinyint(1) NOT NULL DEFAULT 1 COMMENT '0= unavailable, 2 Available'
) ENGINE=InnoDB DEFAULT CHARSET=utf8mb4 COLLATE=utf8mb4_general_ci;

--
-- Volcado de datos para la tabla `product_list`
--

INSERT INTO `product_list` (`id`, `category_id`, `name`, `description`, `price`, `img_path`, `status`) VALUES
(1, 1, 'Base de Maquillaje Fit Me Matte + Poreless de Maybelline', 'Base líquida que matifica y minimiza poros, ideal para piel normal a grasa.', 8.99, '1736803320_maybelline-016223bl-1.webp', 1),
(2, 1, 'Paleta de Sombras Naked Heat de Urban Decay', 'Paleta con 12 tonos cálidos de alta pigmentación para looks versátiles.', 54, '1736803380_descarga.jpg', 1),
(3, 1, 'Máscara de Pestañas Lash Sensational de Maybelline', 'Máscara que aporta volumen en capas para unas pestañas más densas y definidas.', 9.99, '1736803440_descarga (1).jpg', 1),
(4, 1, 'Labial Líquido SuperStay Matte Ink de Maybelline', 'Labial líquido de larga duración con acabado mate.', 10.99, '1736803500_51nE24CAiGL.jpg', 1),
(5, 1, 'Rubor Orgánico Natural Glow', 'Rubor orgánico que aporta un toque de color saludable a las mejillas.', 15, '1736803500_descarga (2).jpg', 1),
(6, 1, 'Polvo Translúcido Setting Powder de Laura Mercier', 'Polvo fijador que controla el brillo y asegura un maquillaje duradero.', 39, '1736803560_descarga (3).jpg', 1),
(7, 1, 'Delineador Líquido Waterproof de Kat Von D', 'Delineador líquido resistente al agua de alta precisión.', 20, '1736803560_descarga.png', 1),
(8, 1, 'Iluminador Líquido Glow Goals', 'Iluminador líquido que proporciona un brillo natural y radiante.', 18, '1736803620_descarga (4).jpg', 1),
(9, 1, 'Corrector Instant Age Rewind de Maybelline', 'Corrector que borra ojeras y líneas finas para un acabado perfecto.', 8.49, '1736803620_descarga (5).jpg', 1),
(10, 1, 'Primer Facial Pore Filler de NYX', 'Prebase que minimiza la apariencia de poros y prepara la piel para el maquillaje.', 13.99, '1736803680_descarga (6).jpg', 1),
(11, 3, 'Esmalte Rojo Clásico', 'Esmalte de uñas color rojo brillante con acabado duradero.', 3.99, '1736835180_descarga (1).png', 1),
(12, 3, 'Lima de Uñas Profesional', 'Lima de alta calidad para un acabado suave y preciso.', 1.5, '1736835180_descarga (10).jpg', 1),
(13, 3, 'Removedor de Cutículas', 'Fórmula suave para eliminar cutículas de manera efectiva.', 2.99, '1736835240_descarga (11).jpg', 1),
(14, 3, 'Base Protectora', 'Protege tus uñas y prolonga la duración del esmalte.', 4.5, '1736835300_descarga (12).jpg', 1),
(15, 3, 'Top Coat Brillante', 'Capa superior para un acabado brillante y resistente.', 4.99, '1736835360_descarga (13).jpg', 1),
(16, 3, 'Kit de Diseño de Uñas', 'Incluye herramientas para crear diseños creativos en tus uñas.', 6.99, '1736835360_KITSUPERCOMPLETO_2400x.webp', 1),
(17, 3, 'Aceite Hidratante para Cutículas', 'Hidrata y suaviza las cutículas secas.', 3.5, '1736835420_descarga (14).jpg', 1),
(18, 3, 'Separadores de Dedos', 'Separadores de espuma para una aplicación de esmalte sin errores.', 1.99, '1736835420_herbifive.jpg', 1),
(19, 3, 'Cepillo de Uñas', 'Cepillo para limpiar y preparar las uñas antes del esmaltado.', 2.49, '1736835480_descarga (15).jpg', 1),
(20, 3, 'Esmalte Transparente', 'Esmalte protector con acabado brillante.', 3.75, '1736835480_descarga (16).jpg', 1),
(21, 2, 'Crema Hidratante Facial', 'Crema ligera para hidratar y suavizar la piel del rostro.', 12.99, '1736836080_descarga (17).jpg', 1),
(22, 2, 'Limpiador Facial Suave', 'Gel limpiador para eliminar impurezas sin resecar.', 8.5, '1736836140_descarga (18).jpg', 1),
(23, 2, 'Protector Solar SPF 50', 'Protección solar avanzada contra rayos UVA y UVB.', 15.99, '1736836140_descarga (19).jpg', 1),
(24, 2, 'Exfoliante Facial', 'Exfoliante suave para eliminar células muertas y mejorar la textura de la piel.', 10.75, '1736836140_descarga (20).jpg', 1),
(25, 2, 'Sérum Antioxidante', 'Sérum con vitamina C para un tono uniforme y luminoso.', 18.5, '1736836200_descarga (21).jpg', 1),
(26, 2, 'Mascarilla Hidratante', 'Mascarilla de gel para una hidratación intensa y efecto refrescante.', 9.99, '1736836200_descarga (22).jpg', 1),
(27, 6, 'Shampoo Nutritivo', 'Shampoo enriquecido con aceites naturales para cabello seco y dañado.', 10.5, '1736836320_descarga (23).jpg', 1),
(28, 6, 'Acondicionador Reparador', 'Acondicionador para fortalecer y reparar el cabello quebradizo.', 9.75, '1736836380_descarga (24).jpg', 1),
(29, 6, 'Mascarilla Capilar', 'Mascarilla profunda para hidratar y revitalizar el cabello.', 12.99, '1736836380_descarga (25).jpg', 1),
(30, 6, 'Spray Protector de Calor', 'Protector térmico para evitar daños por el uso de herramientas de calor.', 8.5, '1736836440_descarga (26).jpg', 1),
(31, 6, 'Aceite Capilar', 'Aceite de argán para dar brillo y suavidad al cabello.', 14.99, '1736836500_descarga (27).jpg', 1),
(32, 6, 'Gel Fijador', 'Gel de alta fijación para peinados duraderos.', 7.25, '1736836500_descarga (28).jpg', 1),
(33, 6, 'Serum Antifrizz', 'Sérum ligero para controlar el frizz y mantener el cabello liso.', 11.5, '1736836560_descarga (29).jpg', 1),
(34, 4, 'Set de Brochas de Maquillaje', 'Kit de brochas profesionales para aplicación de maquillaje.', 15.99, '1736836680_descarga (30).jpg', 1),
(35, 4, 'Pinzas para Cejas', 'Pinzas de precisión para dar forma a las cejas.', 4.5, '1736836740_descarga (31).jpg', 1),
(36, 4, 'Espejo con Luz LED', 'Espejo portátil con luz LED para maquillaje perfecto.', 20.99, '1736836800_518SYvFw2sL._AC_UF894,1000_QL80_.jpg', 1),
(37, 4, 'Cortador de Uñas', 'Cortador de uñas de acero inoxidable de alta calidad.', 3.99, '1736836800_descarga (32).jpg', 1),
(38, 4, 'Rizador de Pestañas', 'Rizador de pestañas ergonómico para una curvatura perfecta.', 6.5, '1736836860_descarga (33).jpg', 1),
(39, 4, 'Set de Peines y Cepillos', 'Conjunto de peines y cepillos para diferentes tipos de peinados.', 12.75, '1736836860_descarga (34).jpg', 1),
(40, 4, 'Lima Eléctrica para Uñas', 'Lima eléctrica para dar forma y suavizar las uñas.', 25, '1736836920_descarga (35).jpg', 1),
(41, 5, 'Perfume Floral de Mujer', 'Fragancia femenina con notas florales suaves y elegantes.', 29.99, '1736837160_descarga (36).jpg', 1),
(42, 5, 'Perfume Amaderado Masculino', 'Fragancia masculina con notas de madera y especias.', 34.5, '1736837160_descarga (37).jpg', 1),
(43, 5, 'Eau de Parfum de Rosa', 'Perfume de lujo con esencia de rosa fresca y toques cítricos.', 49.99, '1736837220_descarga (38).jpg', 1),
(44, 5, 'Fragancia Fresh Citrus', 'Perfume fresco con notas cítricas que aportan energía y frescura.', 18.75, '1736837220_descarga (39).jpg', 1),
(45, 5, 'Perfume de Vainilla y Almendra', 'Una mezcla cálida de vainilla y almendra para una fragancia suave.', 22.99, '1736837280_descarga (40).jpg', 1),
(46, 5, 'Colonia Masculina Sport', 'Fragancia deportiva y fresca con toques acuáticos.', 27.5, '1736837400_descarga (45).jpg', 1),
(47, 5, 'Perfume de Lavanda y Sándalo', 'Combinación relajante de lavanda y sándalo para una fragancia fresca.', 32.99, '1736837400_descarga (44).jpg', 1),
(48, 5, 'Fragancia de Jazmín Exótico', 'Perfume floral exótico con notas de jazmín y toques de frutas tropicales.', 24, '1736837340_descarga (43).jpg', 1),
(49, 5, 'Perfume de Gardenia y Miel', 'Fragancia dulce y floral con notas de gardenia y miel.', 39.99, '1736837340_descarga (42).jpg', 1),
(50, 5, 'Eau de Parfum de Bergamota', 'Perfume fresco y cítrico con base de bergamota y ligeros toques herbales.', 26.75, '1736837280_descarga (41).jpg', 1);

-- --------------------------------------------------------

--
-- Estructura de tabla para la tabla `system_settings`
--

CREATE TABLE `system_settings` (
  `id` int(30) NOT NULL,
  `name` text NOT NULL,
  `email` varchar(200) NOT NULL,
  `contact` varchar(20) NOT NULL,
  `cover_img` text NOT NULL,
  `about_content` text NOT NULL
) ENGINE=InnoDB DEFAULT CHARSET=utf8mb4 COLLATE=utf8mb4_general_ci;

--
-- Volcado de datos para la tabla `system_settings`
--

INSERT INTO `system_settings` (`id`, `name`, `email`, `contact`, `cover_img`, `about_content`) VALUES
(3, ' Lolis nail center', 'LolisNailCenter@gmail.com', ' 7873 6123', '1736831760_lolisnailsbg.png', '&lt;p style=&quot;text-align: center;&quot;&gt;&lt;/p&gt;&lt;p style=&quot;text-align: center;&quot;&gt;&lt;b style=&quot;text-align: center; font-size: 14px;&quot;&gt;&lt;span style=&quot;font-size:28px;text-align: center;&quot;&gt;ACERCA DE NOSOTROS&amp;nbsp;&lt;/span&gt;&lt;/b&gt;&lt;/p&gt;&lt;p&gt;&lt;hr id=&quot;null&quot;&gt;&lt;/p&gt;&lt;p&gt;Lolis Nail Center:&amp;nbsp;&lt;p&gt;En Lolis Nail Center, nos especializamos en ofrecer productos y servicios de alta calidad para el cuidado de tus u&ntilde;as y belleza personal.&lt;br&gt;Nuestro Prop&oacute;sito: Nuestro objetivo es brindarte una experiencia &uacute;nica donde puedas realzar tu belleza natural y sentirte especial.&lt;br&gt;Nuestra Historia: Con a&ntilde;os de dedicaci&oacute;n en el mundo de la est&eacute;tica, hemos construido un lugar donde la innovaci&oacute;n y el estilo se unen para ofrecerte lo mejor en productos y servicios de belleza.&lt;br&gt;Gracias por elegirnos como tu centro de confianza.&lt;/p&gt;&lt;/p&gt;');

-- --------------------------------------------------------

--
-- Estructura de tabla para la tabla `users`
--

CREATE TABLE `users` (
  `id` int(30) NOT NULL,
  `name` varchar(200) NOT NULL,
  `username` text NOT NULL,
  `password` varchar(200) NOT NULL,
  `type` tinyint(1) NOT NULL DEFAULT 2 COMMENT '1=admin , 2 = staff'
) ENGINE=InnoDB DEFAULT CHARSET=utf8mb4 COLLATE=utf8mb4_general_ci;

--
-- Volcado de datos para la tabla `users`
--

INSERT INTO `users` (`id`, `name`, `username`, `password`, `type`) VALUES
(1, 'Administrator', 'admin', '$2y$10$efDvenHYJ5Fu/xxt1ANbXuRx5/TuzNs/s4k6keUiiFvr2ueE0GmrG', 1),
(2, 'Staff', 'staff', 'staff123\r\n', 2),
(3, 'Mario', 'Mario', '$2y$10$dsBz0wVB1IDXmBGPtIw/AOhKwgDeIL/Am1aEzPV4Bx0EL4qFt4mt.', 2),
(4, 'StanleyRiv', 'Stanleyr', '$2y$10$u0ASIbfEJB.o0OKvB1Eao./QakqVICzKTCUeTghw0ZCw5Tc/z3s6O', 1),
(57, 'Alice', 'alice123', '$2y$10$Klb8RaKUjfr16vnUh5o/Zeas9lOE7gPR2voisU4oXoWQISPMb57DC', 2),
(58, 'Bob', 'bob456', '$2y$10$Klb8RaKUjfr16vnUh5o/Zeas9lOE7gPR2voisU4oXoWQISPMb57DC', 2),
(59, 'Charlie', 'charlie789', '$2y$10$Klb8RaKUjfr16vnUh5o/Zeas9lOE7gPR2voisU4oXoWQISPMb57DC', 2),
(60, 'David', 'david101', '$2y$10$Klb8RaKUjfr16vnUh5o/Zeas9lOE7gPR2voisU4oXoWQISPMb57DC', 2),
(61, 'Eva', 'eva202', '$2y$10$Klb8RaKUjfr16vnUh5o/Zeas9lOE7gPR2voisU4oXoWQISPMb57DC', 2),
(62, 'Frank', 'frank303', '$2y$10$Klb8RaKUjfr16vnUh5o/Zeas9lOE7gPR2voisU4oXoWQISPMb57DC', 2),
(63, 'Grace', 'grace404', '$2y$10$Klb8RaKUjfr16vnUh5o/Zeas9lOE7gPR2voisU4oXoWQISPMb57DC', 2),
(64, 'Henry', 'henry505', '$2y$10$Klb8RaKUjfr16vnUh5o/Zeas9lOE7gPR2voisU4oXoWQISPMb57DC', 2),
(65, 'Ivy', 'ivy606', '$2y$10$Klb8RaKUjfr16vnUh5o/Zeas9lOE7gPR2voisU4oXoWQISPMb57DC', 2),
(66, 'Jack', 'jack707', '$2y$10$Klb8RaKUjfr16vnUh5o/Zeas9lOE7gPR2voisU4oXoWQISPMb57DC', 2),
(67, 'Karen', 'karen808', '$2y$10$Klb8RaKUjfr16vnUh5o/Zeas9lOE7gPR2voisU4oXoWQISPMb57DC', 2),
(68, 'Liam', 'liam909', '$2y$10$Klb8RaKUjfr16vnUh5o/Zeas9lOE7gPR2voisU4oXoWQISPMb57DC', 2),
(69, 'Mia', 'mia010', '$2y$10$Klb8RaKUjfr16vnUh5o/Zeas9lOE7gPR2voisU4oXoWQISPMb57DC', 2),
(70, 'Noah', 'noah111', '$2y$10$Klb8RaKUjfr16vnUh5o/Zeas9lOE7gPR2voisU4oXoWQISPMb57DC', 2),
(71, 'Olivia', 'olivia222', '$2y$10$Klb8RaKUjfr16vnUh5o/Zeas9lOE7gPR2voisU4oXoWQISPMb57DC', 2),
(72, 'Paul', 'paul333', '$2y$10$Klb8RaKUjfr16vnUh5o/Zeas9lOE7gPR2voisU4oXoWQISPMb57DC', 2),
(73, 'Quinn', 'quinn444', '$2y$10$Klb8RaKUjfr16vnUh5o/Zeas9lOE7gPR2voisU4oXoWQISPMb57DC', 2),
(74, 'Rachel', 'rachel555', '$2y$10$Klb8RaKUjfr16vnUh5o/Zeas9lOE7gPR2voisU4oXoWQISPMb57DC', 2),
(75, 'Sam', 'sam666', '$2y$10$Klb8RaKUjfr16vnUh5o/Zeas9lOE7gPR2voisU4oXoWQISPMb57DC', 2),
(76, 'Tina', 'tina777', '$2y$10$Klb8RaKUjfr16vnUh5o/Zeas9lOE7gPR2voisU4oXoWQISPMb57DC', 2),
(77, 'Uma', 'uma888', '$2y$10$Klb8RaKUjfr16vnUh5o/Zeas9lOE7gPR2voisU4oXoWQISPMb57DC', 2),
(78, 'Vince', 'vince999', '$2y$10$Klb8RaKUjfr16vnUh5o/Zeas9lOE7gPR2voisU4oXoWQISPMb57DC', 2),
(79, 'Wendy', 'wendy1010', '$2y$10$Klb8RaKUjfr16vnUh5o/Zeas9lOE7gPR2voisU4oXoWQISPMb57DC', 2),
(80, 'Xander', 'xander1111', '$2y$10$Klb8RaKUjfr16vnUh5o/Zeas9lOE7gPR2voisU4oXoWQISPMb57DC', 2),
(81, 'Yara', 'yara1212', '$2y$10$Klb8RaKUjfr16vnUh5o/Zeas9lOE7gPR2voisU4oXoWQISPMb57DC', 2),
(82, 'Zane', 'zane1313', '$2y$10$Klb8RaKUjfr16vnUh5o/Zeas9lOE7gPR2voisU4oXoWQISPMb57DC', 2);

-- --------------------------------------------------------

--
-- Estructura de tabla para la tabla `user_info`
--

CREATE TABLE `user_info` (
  `user_id` int(10) NOT NULL,
  `first_name` varchar(100) NOT NULL,
  `last_name` varchar(100) NOT NULL,
  `email` varchar(300) NOT NULL,
  `password` varchar(300) NOT NULL,
  `mobile` varchar(10) NOT NULL,
  `address` varchar(300) NOT NULL
) ENGINE=InnoDB DEFAULT CHARSET=latin1 COLLATE=latin1_swedish_ci;

--
-- Volcado de datos para la tabla `user_info`
--

INSERT INTO `user_info` (`user_id`, `first_name`, `last_name`, `email`, `password`, `mobile`, `address`) VALUES
(2, 'Cesar', 'Rivera', 'Reyes@gmail.com', '$2y$10$Dx7QL.k5i6nXiTEZHr7cnuYe/.lPeQ9zPEk0VDTIhnGfHAuKpEAWu', '32432342', 'Santa Ana'),
(3, 'Stanley', 'Figueroa', 'stanley@gmail.com', '$2y$10$BPwCyfzVGGkP3AzJ2xLQaei/QjVauEBpVspAenrZZ7r0j7GLFZ4Hm', '12091291', 'Santa ana'),
(4, 'William', 'White', 'william.white0@example.com', '$2y$10$fYcd.wHqaj.z7vexzyPX0uUpV1sMRuQz/eu0y2RqJwF39R1uIU5SS', '0948202944', '1506 Sycamore St'),
(5, 'William', 'Anderson', 'william.anderson1@example.com', '$2y$10$fYcd.wHqaj.z7vexzyPX0uUpV1sMRuQz/eu0y2RqJwF39R1uIU5SS', '0945740545', '404 Birch St'),
(6, 'Jane', 'Miller', 'jane.miller2@example.com', '$2y$10$fYcd.wHqaj.z7vexzyPX0uUpV1sMRuQz/eu0y2RqJwF39R1uIU5SS', '0910605221', '404 Birch St'),
(7, 'Elizabeth', 'Anderson', 'elizabeth.anderson3@example.com', '$2y$10$fYcd.wHqaj.z7vexzyPX0uUpV1sMRuQz/eu0y2RqJwF39R1uIU5SS', '0922966034', '1203 Hickory St'),
(8, 'Jessica', 'Thomas', 'jessica.thomas4@example.com', '$2y$10$fYcd.wHqaj.z7vexzyPX0uUpV1sMRuQz/eu0y2RqJwF39R1uIU5SS', '0907347019', '1001 Walnut St'),
(9, 'Charles', 'Smith', 'charles.smith5@example.com', '$2y$10$fYcd.wHqaj.z7vexzyPX0uUpV1sMRuQz/eu0y2RqJwF39R1uIU5SS', '0995487215', '1708 Sequoia St'),
(10, 'Emily', 'Miller', 'emily.miller6@example.com', '$2y$10$fYcd.wHqaj.z7vexzyPX0uUpV1sMRuQz/eu0y2RqJwF39R1uIU5SS', '0949432096', '1102 Chestnut St'),
(11, 'Sarah', 'Johnson', 'sarah.johnson7@example.com', '$2y$10$fYcd.wHqaj.z7vexzyPX0uUpV1sMRuQz/eu0y2RqJwF39R1uIU5SS', '0986802438', '404 Birch St'),
(12, 'Jane', 'Anderson', 'jane.anderson8@example.com', '$2y$10$fYcd.wHqaj.z7vexzyPX0uUpV1sMRuQz/eu0y2RqJwF39R1uIU5SS', '0935577208', '1102 Chestnut St'),
(13, 'Amanda', 'Jackson', 'amanda.jackson9@example.com', '$2y$10$fYcd.wHqaj.z7vexzyPX0uUpV1sMRuQz/eu0y2RqJwF39R1uIU5SS', '0946084405', '707 Cherry St'),
(14, 'Megan', 'Wilson', 'megan.wilson10@example.com', '$2y$10$fYcd.wHqaj.z7vexzyPX0uUpV1sMRuQz/eu0y2RqJwF39R1uIU5SS', '0964283400', '456 Elm St'),
(15, 'Daniel', 'Jones', 'daniel.jones11@example.com', '$2y$10$fYcd.wHqaj.z7vexzyPX0uUpV1sMRuQz/eu0y2RqJwF39R1uIU5SS', '0920707069', '1607 Alder St'),
(16, 'Michael', 'Jackson', 'michael.jackson12@example.com', '$2y$10$fYcd.wHqaj.z7vexzyPX0uUpV1sMRuQz/eu0y2RqJwF39R1uIU5SS', '0940106272', '101 Maple Ave'),
(17, 'Ashley', 'Martinez', 'ashley.martinez13@example.com', '$2y$10$fYcd.wHqaj.z7vexzyPX0uUpV1sMRuQz/eu0y2RqJwF39R1uIU5SS', '0996262517', '456 Elm St'),
(18, 'Charles', 'Garcia', 'charles.garcia14@example.com', '$2y$10$fYcd.wHqaj.z7vexzyPX0uUpV1sMRuQz/eu0y2RqJwF39R1uIU5SS', '0976116883', '1203 Hickory St'),
(19, 'William', 'Robinson', 'william.robinson15@example.com', '$2y$10$fYcd.wHqaj.z7vexzyPX0uUpV1sMRuQz/eu0y2RqJwF39R1uIU5SS', '0997631511', '1001 Walnut St'),
(20, 'Thomas', 'Miller', 'thomas.miller16@example.com', '$2y$10$fYcd.wHqaj.z7vexzyPX0uUpV1sMRuQz/eu0y2RqJwF39R1uIU5SS', '0948782576', '808 Aspen St'),
(21, 'James', 'Miller', 'james.miller17@example.com', '$2y$10$fYcd.wHqaj.z7vexzyPX0uUpV1sMRuQz/eu0y2RqJwF39R1uIU5SS', '0945315721', '808 Aspen St'),
(22, 'David', 'Taylor', 'david.taylor18@example.com', '$2y$10$fYcd.wHqaj.z7vexzyPX0uUpV1sMRuQz/eu0y2RqJwF39R1uIU5SS', '0973109976', '606 Willow St'),
(23, 'Elizabeth', 'Thompson', 'elizabeth.thompson19@example.com', '$2y$10$fYcd.wHqaj.z7vexzyPX0uUpV1sMRuQz/eu0y2RqJwF39R1uIU5SS', '0985095933', '1405 Beech St'),
(24, 'Matthew', 'Martinez', 'matthew.martinez20@example.com', '$2y$10$fYcd.wHqaj.z7vexzyPX0uUpV1sMRuQz/eu0y2RqJwF39R1uIU5SS', '0965472028', '1708 Sequoia St'),
(25, 'Thomas', 'Anderson', 'thomas.anderson21@example.com', '$2y$10$fYcd.wHqaj.z7vexzyPX0uUpV1sMRuQz/eu0y2RqJwF39R1uIU5SS', '0917417464', '1708 Sequoia St'),
(26, 'Hannah', 'Garcia', 'hannah.garcia22@example.com', '$2y$10$fYcd.wHqaj.z7vexzyPX0uUpV1sMRuQz/eu0y2RqJwF39R1uIU5SS', '0900220333', '404 Birch St'),
(27, 'Jennifer', 'Jackson', 'jennifer.jackson23@example.com', '$2y$10$fYcd.wHqaj.z7vexzyPX0uUpV1sMRuQz/eu0y2RqJwF39R1uIU5SS', '0953976999', '505 Spruce St'),
(28, 'Charles', 'Jones', 'charles.jones24@example.com', '$2y$10$fYcd.wHqaj.z7vexzyPX0uUpV1sMRuQz/eu0y2RqJwF39R1uIU5SS', '0970068366', '1001 Walnut St'),
(29, 'Joseph', 'Jackson', 'joseph.jackson25@example.com', '$2y$10$fYcd.wHqaj.z7vexzyPX0uUpV1sMRuQz/eu0y2RqJwF39R1uIU5SS', '0962916211', '505 Spruce St'),
(30, 'Daniel', 'Garcia', 'daniel.garcia26@example.com', '$2y$10$fYcd.wHqaj.z7vexzyPX0uUpV1sMRuQz/eu0y2RqJwF39R1uIU5SS', '0975296058', '404 Birch St'),
(31, 'Jessica', 'Robinson', 'jessica.robinson27@example.com', '$2y$10$fYcd.wHqaj.z7vexzyPX0uUpV1sMRuQz/eu0y2RqJwF39R1uIU5SS', '0960696730', '1708 Sequoia St'),
(32, 'Charles', 'White', 'charles.white28@example.com', '$2y$10$fYcd.wHqaj.z7vexzyPX0uUpV1sMRuQz/eu0y2RqJwF39R1uIU5SS', '0912757587', '303 Cedar St'),
(33, 'James', 'Brown', 'james.brown29@example.com', '$2y$10$fYcd.wHqaj.z7vexzyPX0uUpV1sMRuQz/eu0y2RqJwF39R1uIU5SS', '0988229169', '707 Cherry St'),
(34, 'Hannah', 'White', 'hannah.white30@example.com', '$2y$10$fYcd.wHqaj.z7vexzyPX0uUpV1sMRuQz/eu0y2RqJwF39R1uIU5SS', '0940015428', '456 Elm St'),
(35, 'Jessica', 'Thompson', 'jessica.thompson31@example.com', '$2y$10$fYcd.wHqaj.z7vexzyPX0uUpV1sMRuQz/eu0y2RqJwF39R1uIU5SS', '0916879638', '303 Cedar St'),
(36, 'Emily', 'Smith', 'emily.smith32@example.com', '$2y$10$fYcd.wHqaj.z7vexzyPX0uUpV1sMRuQz/eu0y2RqJwF39R1uIU5SS', '0924551445', '1506 Sycamore St'),
(37, 'Sarah', 'Robinson', 'sarah.robinson33@example.com', '$2y$10$fYcd.wHqaj.z7vexzyPX0uUpV1sMRuQz/eu0y2RqJwF39R1uIU5SS', '0932740101', '101 Maple Ave'),
(38, 'Jane', 'Robinson', 'jane.robinson34@example.com', '$2y$10$fYcd.wHqaj.z7vexzyPX0uUpV1sMRuQz/eu0y2RqJwF39R1uIU5SS', '0975484107', '202 Pine St'),
(39, 'Amanda', 'Thomas', 'amanda.thomas35@example.com', '$2y$10$fYcd.wHqaj.z7vexzyPX0uUpV1sMRuQz/eu0y2RqJwF39R1uIU5SS', '0980803550', '606 Willow St'),
(40, 'Charles', 'Johnson', 'charles.johnson36@example.com', '$2y$10$fYcd.wHqaj.z7vexzyPX0uUpV1sMRuQz/eu0y2RqJwF39R1uIU5SS', '0937300002', '303 Cedar St'),
(41, 'John', 'Robinson', 'john.robinson37@example.com', '$2y$10$fYcd.wHqaj.z7vexzyPX0uUpV1sMRuQz/eu0y2RqJwF39R1uIU5SS', '0912427125', '202 Pine St'),
(42, 'Matthew', 'Jones', 'matthew.jones38@example.com', '$2y$10$fYcd.wHqaj.z7vexzyPX0uUpV1sMRuQz/eu0y2RqJwF39R1uIU5SS', '0972319797', '1708 Sequoia St'),
(43, 'Joseph', 'Moore', 'joseph.moore39@example.com', '$2y$10$fYcd.wHqaj.z7vexzyPX0uUpV1sMRuQz/eu0y2RqJwF39R1uIU5SS', '0937074243', '1607 Alder St'),
(44, 'David', 'Martin', 'david.martin40@example.com', '$2y$10$fYcd.wHqaj.z7vexzyPX0uUpV1sMRuQz/eu0y2RqJwF39R1uIU5SS', '0941426348', '1405 Beech St'),
(45, 'Ashley', 'Smith', 'ashley.smith41@example.com', '$2y$10$fYcd.wHqaj.z7vexzyPX0uUpV1sMRuQz/eu0y2RqJwF39R1uIU5SS', '0912697245', '123 Main St'),
(46, 'David', 'Martin', 'david.martin42@example.com', '$2y$10$fYcd.wHqaj.z7vexzyPX0uUpV1sMRuQz/eu0y2RqJwF39R1uIU5SS', '0976770511', '808 Aspen St'),
(47, 'David', 'Miller', 'david.miller43@example.com', '$2y$10$fYcd.wHqaj.z7vexzyPX0uUpV1sMRuQz/eu0y2RqJwF39R1uIU5SS', '0995752848', '1102 Chestnut St'),
(48, 'David', 'Wilson', 'david.wilson44@example.com', '$2y$10$fYcd.wHqaj.z7vexzyPX0uUpV1sMRuQz/eu0y2RqJwF39R1uIU5SS', '0990686805', '808 Aspen St'),
(49, 'Matthew', 'Davis', 'matthew.davis45@example.com', '$2y$10$fYcd.wHqaj.z7vexzyPX0uUpV1sMRuQz/eu0y2RqJwF39R1uIU5SS', '0914771971', '1708 Sequoia St'),
(50, 'Jessica', 'Thompson', 'jessica.thompson46@example.com', '$2y$10$fYcd.wHqaj.z7vexzyPX0uUpV1sMRuQz/eu0y2RqJwF39R1uIU5SS', '0922251710', '456 Elm St'),
(51, 'William', 'Harris', 'william.harris47@example.com', '$2y$10$fYcd.wHqaj.z7vexzyPX0uUpV1sMRuQz/eu0y2RqJwF39R1uIU5SS', '0927629801', '707 Cherry St'),
(52, 'Michael', 'Smith', 'michael.smith48@example.com', '$2y$10$fYcd.wHqaj.z7vexzyPX0uUpV1sMRuQz/eu0y2RqJwF39R1uIU5SS', '0925460181', '1506 Sycamore St'),
(53, 'Hannah', 'Miller', 'hannah.miller49@example.com', '$2y$10$fYcd.wHqaj.z7vexzyPX0uUpV1sMRuQz/eu0y2RqJwF39R1uIU5SS', '0947616126', '808 Aspen St'),
(54, 'David', 'Garcia', 'david.garcia50@example.com', '$2y$10$fYcd.wHqaj.z7vexzyPX0uUpV1sMRuQz/eu0y2RqJwF39R1uIU5SS', '0939617719', '606 Willow St'),
(55, 'Michael', 'White', 'michael.white51@example.com', '$2y$10$fYcd.wHqaj.z7vexzyPX0uUpV1sMRuQz/eu0y2RqJwF39R1uIU5SS', '0981459679', '707 Cherry St'),
(56, 'Jennifer', 'Smith', 'jennifer.smith52@example.com', '$2y$10$fYcd.wHqaj.z7vexzyPX0uUpV1sMRuQz/eu0y2RqJwF39R1uIU5SS', '0988314349', '303 Cedar St'),
(57, 'David', 'Davis', 'david.davis53@example.com', '$2y$10$fYcd.wHqaj.z7vexzyPX0uUpV1sMRuQz/eu0y2RqJwF39R1uIU5SS', '0991803383', '909 Magnolia Ave'),
(58, 'John', 'Williams', 'john.williams54@example.com', '$2y$10$fYcd.wHqaj.z7vexzyPX0uUpV1sMRuQz/eu0y2RqJwF39R1uIU5SS', '0994719482', '101 Maple Ave'),
(59, 'Jennifer', 'Thompson', 'jennifer.thompson55@example.com', '$2y$10$fYcd.wHqaj.z7vexzyPX0uUpV1sMRuQz/eu0y2RqJwF39R1uIU5SS', '0905210761', '303 Cedar St'),
(60, 'David', 'Martinez', 'david.martinez56@example.com', '$2y$10$fYcd.wHqaj.z7vexzyPX0uUpV1sMRuQz/eu0y2RqJwF39R1uIU5SS', '0915559606', '505 Spruce St'),
(61, 'Daniel', 'White', 'daniel.white57@example.com', '$2y$10$fYcd.wHqaj.z7vexzyPX0uUpV1sMRuQz/eu0y2RqJwF39R1uIU5SS', '0933949248', '202 Pine St'),
(62, 'John', 'Jackson', 'john.jackson58@example.com', '$2y$10$fYcd.wHqaj.z7vexzyPX0uUpV1sMRuQz/eu0y2RqJwF39R1uIU5SS', '0960861782', '1708 Sequoia St'),
(63, 'Jane', 'Garcia', 'jane.garcia59@example.com', '$2y$10$fYcd.wHqaj.z7vexzyPX0uUpV1sMRuQz/eu0y2RqJwF39R1uIU5SS', '0994088913', '789 Oak St'),
(64, 'Hannah', 'Garcia', 'hannah.garcia60@example.com', '$2y$10$fYcd.wHqaj.z7vexzyPX0uUpV1sMRuQz/eu0y2RqJwF39R1uIU5SS', '0974300866', '456 Elm St'),
(65, 'Megan', 'Jones', 'megan.jones61@example.com', '$2y$10$fYcd.wHqaj.z7vexzyPX0uUpV1sMRuQz/eu0y2RqJwF39R1uIU5SS', '0967723599', '1405 Beech St'),
(66, 'Daniel', 'Smith', 'daniel.smith62@example.com', '$2y$10$fYcd.wHqaj.z7vexzyPX0uUpV1sMRuQz/eu0y2RqJwF39R1uIU5SS', '0977658424', '1506 Sycamore St'),
(67, 'James', 'Williams', 'james.williams63@example.com', '$2y$10$fYcd.wHqaj.z7vexzyPX0uUpV1sMRuQz/eu0y2RqJwF39R1uIU5SS', '0902087701', '404 Birch St'),
(68, 'John', 'Miller', 'john.miller64@example.com', '$2y$10$fYcd.wHqaj.z7vexzyPX0uUpV1sMRuQz/eu0y2RqJwF39R1uIU5SS', '0958193978', '808 Aspen St'),
(69, 'John', 'Miller', 'john.miller65@example.com', '$2y$10$fYcd.wHqaj.z7vexzyPX0uUpV1sMRuQz/eu0y2RqJwF39R1uIU5SS', '0907519825', '789 Oak St'),
(70, 'Charles', 'Wilson', 'charles.wilson66@example.com', '$2y$10$fYcd.wHqaj.z7vexzyPX0uUpV1sMRuQz/eu0y2RqJwF39R1uIU5SS', '0964829458', '1203 Hickory St'),
(71, 'John', 'White', 'john.white67@example.com', '$2y$10$fYcd.wHqaj.z7vexzyPX0uUpV1sMRuQz/eu0y2RqJwF39R1uIU5SS', '0935300040', '202 Pine St'),
(72, 'Michael', 'Jones', 'michael.jones68@example.com', '$2y$10$fYcd.wHqaj.z7vexzyPX0uUpV1sMRuQz/eu0y2RqJwF39R1uIU5SS', '0982263782', '404 Birch St'),
(73, 'Amanda', 'Moore', 'amanda.moore69@example.com', '$2y$10$fYcd.wHqaj.z7vexzyPX0uUpV1sMRuQz/eu0y2RqJwF39R1uIU5SS', '0984646363', '123 Main St'),
(74, 'Elizabeth', 'Williams', 'elizabeth.williams70@example.com', '$2y$10$fYcd.wHqaj.z7vexzyPX0uUpV1sMRuQz/eu0y2RqJwF39R1uIU5SS', '0921888889', '123 Main St'),
(75, 'James', 'Harris', 'james.harris71@example.com', '$2y$10$fYcd.wHqaj.z7vexzyPX0uUpV1sMRuQz/eu0y2RqJwF39R1uIU5SS', '0901804369', '1001 Walnut St'),
(76, 'Ashley', 'Taylor', 'ashley.taylor72@example.com', '$2y$10$fYcd.wHqaj.z7vexzyPX0uUpV1sMRuQz/eu0y2RqJwF39R1uIU5SS', '0993648518', '789 Oak St'),
(77, 'Sarah', 'White', 'sarah.white73@example.com', '$2y$10$fYcd.wHqaj.z7vexzyPX0uUpV1sMRuQz/eu0y2RqJwF39R1uIU5SS', '0928645918', '1001 Walnut St'),
(78, 'Michael', 'Garcia', 'michael.garcia74@example.com', '$2y$10$fYcd.wHqaj.z7vexzyPX0uUpV1sMRuQz/eu0y2RqJwF39R1uIU5SS', '0964090682', '505 Spruce St'),
(79, 'Jessica', 'Wilson', 'jessica.wilson75@example.com', '$2y$10$fYcd.wHqaj.z7vexzyPX0uUpV1sMRuQz/eu0y2RqJwF39R1uIU5SS', '0990908754', '789 Oak St'),
(80, 'Matthew', 'Thompson', 'matthew.thompson76@example.com', '$2y$10$fYcd.wHqaj.z7vexzyPX0uUpV1sMRuQz/eu0y2RqJwF39R1uIU5SS', '0957773572', '1506 Sycamore St'),
(81, 'Joseph', 'Williams', 'joseph.williams77@example.com', '$2y$10$fYcd.wHqaj.z7vexzyPX0uUpV1sMRuQz/eu0y2RqJwF39R1uIU5SS', '0996091075', '1304 Poplar St'),
(82, 'John', 'Miller', 'john.miller78@example.com', '$2y$10$fYcd.wHqaj.z7vexzyPX0uUpV1sMRuQz/eu0y2RqJwF39R1uIU5SS', '0984683780', '789 Oak St'),
(83, 'Daniel', 'Garcia', 'daniel.garcia79@example.com', '$2y$10$fYcd.wHqaj.z7vexzyPX0uUpV1sMRuQz/eu0y2RqJwF39R1uIU5SS', '0968062141', '101 Maple Ave'),
(84, 'Michael', 'Harris', 'michael.harris80@example.com', '$2y$10$fYcd.wHqaj.z7vexzyPX0uUpV1sMRuQz/eu0y2RqJwF39R1uIU5SS', '0995379212', '1607 Alder St'),
(85, 'Michael', 'White', 'michael.white81@example.com', '$2y$10$fYcd.wHqaj.z7vexzyPX0uUpV1sMRuQz/eu0y2RqJwF39R1uIU5SS', '0969880999', '789 Oak St'),
(86, 'John', 'Harris', 'john.harris82@example.com', '$2y$10$fYcd.wHqaj.z7vexzyPX0uUpV1sMRuQz/eu0y2RqJwF39R1uIU5SS', '0923660303', '303 Cedar St'),
(87, 'Megan', 'Martinez', 'megan.martinez83@example.com', '$2y$10$fYcd.wHqaj.z7vexzyPX0uUpV1sMRuQz/eu0y2RqJwF39R1uIU5SS', '0935157708', '505 Spruce St'),
(88, 'John', 'Johnson', 'john.johnson84@example.com', '$2y$10$fYcd.wHqaj.z7vexzyPX0uUpV1sMRuQz/eu0y2RqJwF39R1uIU5SS', '0979463805', '1001 Walnut St'),
(89, 'Jennifer', 'Martin', 'jennifer.martin85@example.com', '$2y$10$fYcd.wHqaj.z7vexzyPX0uUpV1sMRuQz/eu0y2RqJwF39R1uIU5SS', '0914037510', '505 Spruce St'),
(90, 'Jane', 'Miller', 'jane.miller86@example.com', '$2y$10$fYcd.wHqaj.z7vexzyPX0uUpV1sMRuQz/eu0y2RqJwF39R1uIU5SS', '0942267721', '1102 Chestnut St'),
(91, 'Emily', 'Wilson', 'emily.wilson87@example.com', '$2y$10$fYcd.wHqaj.z7vexzyPX0uUpV1sMRuQz/eu0y2RqJwF39R1uIU5SS', '0993470280', '404 Birch St'),
(92, 'Jennifer', 'Williams', 'jennifer.williams88@example.com', '$2y$10$fYcd.wHqaj.z7vexzyPX0uUpV1sMRuQz/eu0y2RqJwF39R1uIU5SS', '0991219441', '202 Pine St'),
(93, 'Ashley', 'Moore', 'ashley.moore89@example.com', '$2y$10$fYcd.wHqaj.z7vexzyPX0uUpV1sMRuQz/eu0y2RqJwF39R1uIU5SS', '0936485666', '123 Main St'),
(94, 'Jennifer', 'Garcia', 'jennifer.garcia90@example.com', '$2y$10$fYcd.wHqaj.z7vexzyPX0uUpV1sMRuQz/eu0y2RqJwF39R1uIU5SS', '0934317374', '1304 Poplar St'),
(95, 'David', 'Moore', 'david.moore91@example.com', '$2y$10$fYcd.wHqaj.z7vexzyPX0uUpV1sMRuQz/eu0y2RqJwF39R1uIU5SS', '0929252643', '404 Birch St'),
(96, 'Jessica', 'Garcia', 'jessica.garcia92@example.com', '$2y$10$fYcd.wHqaj.z7vexzyPX0uUpV1sMRuQz/eu0y2RqJwF39R1uIU5SS', '0934588897', '606 Willow St'),
(97, 'James', 'Robinson', 'james.robinson93@example.com', '$2y$10$fYcd.wHqaj.z7vexzyPX0uUpV1sMRuQz/eu0y2RqJwF39R1uIU5SS', '0997214601', '1203 Hickory St'),
(98, 'William', 'Martinez', 'william.martinez94@example.com', '$2y$10$fYcd.wHqaj.z7vexzyPX0uUpV1sMRuQz/eu0y2RqJwF39R1uIU5SS', '0989716800', '1001 Walnut St'),
(99, 'Jennifer', 'Anderson', 'jennifer.anderson95@example.com', '$2y$10$fYcd.wHqaj.z7vexzyPX0uUpV1sMRuQz/eu0y2RqJwF39R1uIU5SS', '0979074206', '101 Maple Ave'),
(100, 'John', 'Martin', 'john.martin96@example.com', '$2y$10$fYcd.wHqaj.z7vexzyPX0uUpV1sMRuQz/eu0y2RqJwF39R1uIU5SS', '0912570141', '808 Aspen St'),
(101, 'James', 'Wilson', 'james.wilson97@example.com', '$2y$10$fYcd.wHqaj.z7vexzyPX0uUpV1sMRuQz/eu0y2RqJwF39R1uIU5SS', '0927445138', '909 Magnolia Ave'),
(102, 'John', 'Jackson', 'john.jackson98@example.com', '$2y$10$fYcd.wHqaj.z7vexzyPX0uUpV1sMRuQz/eu0y2RqJwF39R1uIU5SS', '0929155135', '456 Elm St'),
(103, 'James', 'Garcia', 'james.garcia99@example.com', '$2y$10$fYcd.wHqaj.z7vexzyPX0uUpV1sMRuQz/eu0y2RqJwF39R1uIU5SS', '0912832538', '1102 Chestnut St'),
(104, 'David', 'White', 'david.white100@example.com', '$2y$10$fYcd.wHqaj.z7vexzyPX0uUpV1sMRuQz/eu0y2RqJwF39R1uIU5SS', '0912678648', '123 Main St'),
(105, 'Emily', 'Garcia', 'emily.garcia101@example.com', '$2y$10$fYcd.wHqaj.z7vexzyPX0uUpV1sMRuQz/eu0y2RqJwF39R1uIU5SS', '0900263965', '707 Cherry St'),
(106, 'Elizabeth', 'Taylor', 'elizabeth.taylor102@example.com', '$2y$10$fYcd.wHqaj.z7vexzyPX0uUpV1sMRuQz/eu0y2RqJwF39R1uIU5SS', '0921040117', '1405 Beech St'),
(107, 'Joseph', 'Johnson', 'joseph.johnson103@example.com', '$2y$10$fYcd.wHqaj.z7vexzyPX0uUpV1sMRuQz/eu0y2RqJwF39R1uIU5SS', '0982612906', '1405 Beech St'),
(108, 'Hannah', 'Smith', 'hannah.smith104@example.com', '$2y$10$fYcd.wHqaj.z7vexzyPX0uUpV1sMRuQz/eu0y2RqJwF39R1uIU5SS', '0953207026', '505 Spruce St'),
(109, 'Michael', 'Davis', 'michael.davis105@example.com', '$2y$10$fYcd.wHqaj.z7vexzyPX0uUpV1sMRuQz/eu0y2RqJwF39R1uIU5SS', '0978901052', '808 Aspen St'),
(110, 'David', 'Thomas', 'david.thomas106@example.com', '$2y$10$fYcd.wHqaj.z7vexzyPX0uUpV1sMRuQz/eu0y2RqJwF39R1uIU5SS', '0911647139', '1203 Hickory St'),
(111, 'Daniel', 'Robinson', 'daniel.robinson107@example.com', '$2y$10$fYcd.wHqaj.z7vexzyPX0uUpV1sMRuQz/eu0y2RqJwF39R1uIU5SS', '0941954089', '789 Oak St'),
(112, 'Joseph', 'Davis', 'joseph.davis108@example.com', '$2y$10$fYcd.wHqaj.z7vexzyPX0uUpV1sMRuQz/eu0y2RqJwF39R1uIU5SS', '0907903155', '1405 Beech St'),
(113, 'Jane', 'Martinez', 'jane.martinez109@example.com', '$2y$10$fYcd.wHqaj.z7vexzyPX0uUpV1sMRuQz/eu0y2RqJwF39R1uIU5SS', '0952521642', '1102 Chestnut St'),
(114, 'Thomas', 'Miller', 'thomas.miller110@example.com', '$2y$10$fYcd.wHqaj.z7vexzyPX0uUpV1sMRuQz/eu0y2RqJwF39R1uIU5SS', '0921742285', '303 Cedar St'),
(115, 'David', 'Jackson', 'david.jackson111@example.com', '$2y$10$fYcd.wHqaj.z7vexzyPX0uUpV1sMRuQz/eu0y2RqJwF39R1uIU5SS', '0911974681', '606 Willow St'),
(116, 'David', 'Brown', 'david.brown112@example.com', '$2y$10$fYcd.wHqaj.z7vexzyPX0uUpV1sMRuQz/eu0y2RqJwF39R1uIU5SS', '0974172452', '1506 Sycamore St'),
(117, 'Amanda', 'Martin', 'amanda.martin113@example.com', '$2y$10$fYcd.wHqaj.z7vexzyPX0uUpV1sMRuQz/eu0y2RqJwF39R1uIU5SS', '0977079733', '909 Magnolia Ave'),
(118, 'Charles', 'Jones', 'charles.jones114@example.com', '$2y$10$fYcd.wHqaj.z7vexzyPX0uUpV1sMRuQz/eu0y2RqJwF39R1uIU5SS', '0907497494', '1304 Poplar St'),
(119, 'Amanda', 'Johnson', 'amanda.johnson115@example.com', '$2y$10$fYcd.wHqaj.z7vexzyPX0uUpV1sMRuQz/eu0y2RqJwF39R1uIU5SS', '0902479241', '808 Aspen St'),
(120, 'Michael', 'Thompson', 'michael.thompson116@example.com', '$2y$10$fYcd.wHqaj.z7vexzyPX0uUpV1sMRuQz/eu0y2RqJwF39R1uIU5SS', '0941979634', '202 Pine St'),
(121, 'Daniel', 'Martinez', 'daniel.martinez117@example.com', '$2y$10$fYcd.wHqaj.z7vexzyPX0uUpV1sMRuQz/eu0y2RqJwF39R1uIU5SS', '0923873381', '1001 Walnut St'),
(122, 'Jennifer', 'Smith', 'jennifer.smith118@example.com', '$2y$10$fYcd.wHqaj.z7vexzyPX0uUpV1sMRuQz/eu0y2RqJwF39R1uIU5SS', '0989815346', '1405 Beech St'),
(123, 'Charles', 'Martin', 'charles.martin119@example.com', '$2y$10$fYcd.wHqaj.z7vexzyPX0uUpV1sMRuQz/eu0y2RqJwF39R1uIU5SS', '0999488865', '1001 Walnut St'),
(124, 'Jane', 'Garcia', 'jane.garcia120@example.com', '$2y$10$fYcd.wHqaj.z7vexzyPX0uUpV1sMRuQz/eu0y2RqJwF39R1uIU5SS', '0996178496', '456 Elm St'),
(125, 'Michael', 'Davis', 'michael.davis121@example.com', '$2y$10$fYcd.wHqaj.z7vexzyPX0uUpV1sMRuQz/eu0y2RqJwF39R1uIU5SS', '0921532752', '909 Magnolia Ave'),
(126, 'William', 'Thompson', 'william.thompson122@example.com', '$2y$10$fYcd.wHqaj.z7vexzyPX0uUpV1sMRuQz/eu0y2RqJwF39R1uIU5SS', '0916104233', '101 Maple Ave'),
(127, 'James', 'Garcia', 'james.garcia123@example.com', '$2y$10$fYcd.wHqaj.z7vexzyPX0uUpV1sMRuQz/eu0y2RqJwF39R1uIU5SS', '0942901428', '101 Maple Ave'),
(128, 'Joseph', 'Moore', 'joseph.moore124@example.com', '$2y$10$fYcd.wHqaj.z7vexzyPX0uUpV1sMRuQz/eu0y2RqJwF39R1uIU5SS', '0995071867', '789 Oak St'),
(129, 'Michael', 'Thompson', 'michael.thompson125@example.com', '$2y$10$fYcd.wHqaj.z7vexzyPX0uUpV1sMRuQz/eu0y2RqJwF39R1uIU5SS', '0985372482', '456 Elm St'),
(130, 'Daniel', 'Garcia', 'daniel.garcia126@example.com', '$2y$10$fYcd.wHqaj.z7vexzyPX0uUpV1sMRuQz/eu0y2RqJwF39R1uIU5SS', '0932701397', '1708 Sequoia St'),
(131, 'Matthew', 'Wilson', 'matthew.wilson127@example.com', '$2y$10$fYcd.wHqaj.z7vexzyPX0uUpV1sMRuQz/eu0y2RqJwF39R1uIU5SS', '0999463527', '456 Elm St'),
(132, 'Megan', 'Davis', 'megan.davis128@example.com', '$2y$10$fYcd.wHqaj.z7vexzyPX0uUpV1sMRuQz/eu0y2RqJwF39R1uIU5SS', '0912657469', '606 Willow St'),
(133, 'Elizabeth', 'Moore', 'elizabeth.moore129@example.com', '$2y$10$fYcd.wHqaj.z7vexzyPX0uUpV1sMRuQz/eu0y2RqJwF39R1uIU5SS', '0985804805', '1506 Sycamore St'),
(134, 'Jessica', 'Smith', 'jessica.smith130@example.com', '$2y$10$fYcd.wHqaj.z7vexzyPX0uUpV1sMRuQz/eu0y2RqJwF39R1uIU5SS', '0917126978', '1001 Walnut St'),
(135, 'Elizabeth', 'Martin', 'elizabeth.martin131@example.com', '$2y$10$fYcd.wHqaj.z7vexzyPX0uUpV1sMRuQz/eu0y2RqJwF39R1uIU5SS', '0982131595', '909 Magnolia Ave'),
(136, 'Ashley', 'Taylor', 'ashley.taylor132@example.com', '$2y$10$fYcd.wHqaj.z7vexzyPX0uUpV1sMRuQz/eu0y2RqJwF39R1uIU5SS', '0964435104', '1607 Alder St'),
(137, 'Ashley', 'Davis', 'ashley.davis133@example.com', '$2y$10$fYcd.wHqaj.z7vexzyPX0uUpV1sMRuQz/eu0y2RqJwF39R1uIU5SS', '0998758468', '808 Aspen St'),
(138, 'Megan', 'Johnson', 'megan.johnson134@example.com', '$2y$10$fYcd.wHqaj.z7vexzyPX0uUpV1sMRuQz/eu0y2RqJwF39R1uIU5SS', '0950983208', '101 Maple Ave'),
(139, 'Jennifer', 'Miller', 'jennifer.miller135@example.com', '$2y$10$fYcd.wHqaj.z7vexzyPX0uUpV1sMRuQz/eu0y2RqJwF39R1uIU5SS', '0950805994', '123 Main St'),
(140, 'Jennifer', 'Martinez', 'jennifer.martinez136@example.com', '$2y$10$fYcd.wHqaj.z7vexzyPX0uUpV1sMRuQz/eu0y2RqJwF39R1uIU5SS', '0978384215', '202 Pine St'),
(141, 'James', 'White', 'james.white137@example.com', '$2y$10$fYcd.wHqaj.z7vexzyPX0uUpV1sMRuQz/eu0y2RqJwF39R1uIU5SS', '0947849565', '1607 Alder St'),
(142, 'Emily', 'Taylor', 'emily.taylor138@example.com', '$2y$10$fYcd.wHqaj.z7vexzyPX0uUpV1sMRuQz/eu0y2RqJwF39R1uIU5SS', '0920310686', '456 Elm St'),
(143, 'Daniel', 'Moore', 'daniel.moore139@example.com', '$2y$10$fYcd.wHqaj.z7vexzyPX0uUpV1sMRuQz/eu0y2RqJwF39R1uIU5SS', '0963378850', '1506 Sycamore St'),
(144, 'David', 'Harris', 'david.harris140@example.com', '$2y$10$fYcd.wHqaj.z7vexzyPX0uUpV1sMRuQz/eu0y2RqJwF39R1uIU5SS', '0935052561', '456 Elm St'),
(145, 'Charles', 'Robinson', 'charles.robinson141@example.com', '$2y$10$fYcd.wHqaj.z7vexzyPX0uUpV1sMRuQz/eu0y2RqJwF39R1uIU5SS', '0958931532', '808 Aspen St'),
(146, 'Thomas', 'Moore', 'thomas.moore142@example.com', '$2y$10$fYcd.wHqaj.z7vexzyPX0uUpV1sMRuQz/eu0y2RqJwF39R1uIU5SS', '0989549680', '1102 Chestnut St'),
(147, 'Megan', 'White', 'megan.white143@example.com', '$2y$10$fYcd.wHqaj.z7vexzyPX0uUpV1sMRuQz/eu0y2RqJwF39R1uIU5SS', '0912145562', '909 Magnolia Ave'),
(148, 'Amanda', 'Martinez', 'amanda.martinez144@example.com', '$2y$10$fYcd.wHqaj.z7vexzyPX0uUpV1sMRuQz/eu0y2RqJwF39R1uIU5SS', '0912600203', '101 Maple Ave'),
(149, 'John', 'Smith', 'john.smith145@example.com', '$2y$10$fYcd.wHqaj.z7vexzyPX0uUpV1sMRuQz/eu0y2RqJwF39R1uIU5SS', '0915749975', '303 Cedar St'),
(150, 'Emily', 'White', 'emily.white146@example.com', '$2y$10$fYcd.wHqaj.z7vexzyPX0uUpV1sMRuQz/eu0y2RqJwF39R1uIU5SS', '0972512436', '1708 Sequoia St'),
(151, 'Jennifer', 'Miller', 'jennifer.miller147@example.com', '$2y$10$fYcd.wHqaj.z7vexzyPX0uUpV1sMRuQz/eu0y2RqJwF39R1uIU5SS', '0905109410', '456 Elm St'),
(152, 'Hannah', 'Johnson', 'hannah.johnson148@example.com', '$2y$10$fYcd.wHqaj.z7vexzyPX0uUpV1sMRuQz/eu0y2RqJwF39R1uIU5SS', '0959013272', '1203 Hickory St'),
(153, 'Amanda', 'Johnson', 'amanda.johnson149@example.com', '$2y$10$fYcd.wHqaj.z7vexzyPX0uUpV1sMRuQz/eu0y2RqJwF39R1uIU5SS', '0969152972', '1405 Beech St'),
(154, 'Michael', 'Jackson', 'michael.jackson150@example.com', '$2y$10$fYcd.wHqaj.z7vexzyPX0uUpV1sMRuQz/eu0y2RqJwF39R1uIU5SS', '0988529743', '1607 Alder St'),
(155, 'David', 'Anderson', 'david.anderson151@example.com', '$2y$10$fYcd.wHqaj.z7vexzyPX0uUpV1sMRuQz/eu0y2RqJwF39R1uIU5SS', '0939545855', '1506 Sycamore St'),
(156, 'Joseph', 'Anderson', 'joseph.anderson152@example.com', '$2y$10$fYcd.wHqaj.z7vexzyPX0uUpV1sMRuQz/eu0y2RqJwF39R1uIU5SS', '0956867470', '505 Spruce St'),
(157, 'Amanda', 'Taylor', 'amanda.taylor153@example.com', '$2y$10$fYcd.wHqaj.z7vexzyPX0uUpV1sMRuQz/eu0y2RqJwF39R1uIU5SS', '0941458214', '1708 Sequoia St'),
(158, 'Hannah', 'Smith', 'hannah.smith154@example.com', '$2y$10$fYcd.wHqaj.z7vexzyPX0uUpV1sMRuQz/eu0y2RqJwF39R1uIU5SS', '0982494049', '606 Willow St'),
(159, 'Jessica', 'Garcia', 'jessica.garcia155@example.com', '$2y$10$fYcd.wHqaj.z7vexzyPX0uUpV1sMRuQz/eu0y2RqJwF39R1uIU5SS', '0950358013', '1203 Hickory St'),
(160, 'Sarah', 'Miller', 'sarah.miller156@example.com', '$2y$10$fYcd.wHqaj.z7vexzyPX0uUpV1sMRuQz/eu0y2RqJwF39R1uIU5SS', '0941841333', '1405 Beech St'),
(161, 'Charles', 'Wilson', 'charles.wilson157@example.com', '$2y$10$fYcd.wHqaj.z7vexzyPX0uUpV1sMRuQz/eu0y2RqJwF39R1uIU5SS', '0999181301', '1304 Poplar St'),
(162, 'James', 'Harris', 'james.harris158@example.com', '$2y$10$fYcd.wHqaj.z7vexzyPX0uUpV1sMRuQz/eu0y2RqJwF39R1uIU5SS', '0913266938', '505 Spruce St'),
(163, 'Sarah', 'Miller', 'sarah.miller159@example.com', '$2y$10$fYcd.wHqaj.z7vexzyPX0uUpV1sMRuQz/eu0y2RqJwF39R1uIU5SS', '0908074794', '456 Elm St'),
(164, 'Jessica', 'Martin', 'jessica.martin160@example.com', '$2y$10$fYcd.wHqaj.z7vexzyPX0uUpV1sMRuQz/eu0y2RqJwF39R1uIU5SS', '0930132636', '505 Spruce St'),
(165, 'Matthew', 'Smith', 'matthew.smith161@example.com', '$2y$10$fYcd.wHqaj.z7vexzyPX0uUpV1sMRuQz/eu0y2RqJwF39R1uIU5SS', '0919042345', '505 Spruce St'),
(166, 'Joseph', 'Thomas', 'joseph.thomas162@example.com', '$2y$10$fYcd.wHqaj.z7vexzyPX0uUpV1sMRuQz/eu0y2RqJwF39R1uIU5SS', '0966115802', '1506 Sycamore St'),
(167, 'Jane', 'Davis', 'jane.davis163@example.com', '$2y$10$fYcd.wHqaj.z7vexzyPX0uUpV1sMRuQz/eu0y2RqJwF39R1uIU5SS', '0955378509', '303 Cedar St'),
(168, 'Daniel', 'Jackson', 'daniel.jackson164@example.com', '$2y$10$fYcd.wHqaj.z7vexzyPX0uUpV1sMRuQz/eu0y2RqJwF39R1uIU5SS', '0975750011', '707 Cherry St'),
(169, 'Michael', 'Jones', 'michael.jones165@example.com', '$2y$10$fYcd.wHqaj.z7vexzyPX0uUpV1sMRuQz/eu0y2RqJwF39R1uIU5SS', '0953743242', '707 Cherry St'),
(170, 'Michael', 'Harris', 'michael.harris166@example.com', '$2y$10$fYcd.wHqaj.z7vexzyPX0uUpV1sMRuQz/eu0y2RqJwF39R1uIU5SS', '0928176700', '1506 Sycamore St'),
(171, 'Sarah', 'Brown', 'sarah.brown167@example.com', '$2y$10$fYcd.wHqaj.z7vexzyPX0uUpV1sMRuQz/eu0y2RqJwF39R1uIU5SS', '0987412526', '1607 Alder St'),
(172, 'James', 'Miller', 'james.miller168@example.com', '$2y$10$fYcd.wHqaj.z7vexzyPX0uUpV1sMRuQz/eu0y2RqJwF39R1uIU5SS', '0931809982', '202 Pine St'),
(173, 'Jennifer', 'Martinez', 'jennifer.martinez169@example.com', '$2y$10$fYcd.wHqaj.z7vexzyPX0uUpV1sMRuQz/eu0y2RqJwF39R1uIU5SS', '0964503170', '1708 Sequoia St'),
(174, 'Joseph', 'Garcia', 'joseph.garcia170@example.com', '$2y$10$fYcd.wHqaj.z7vexzyPX0uUpV1sMRuQz/eu0y2RqJwF39R1uIU5SS', '0915319239', '1102 Chestnut St'),
(175, 'Hannah', 'Martinez', 'hannah.martinez171@example.com', '$2y$10$fYcd.wHqaj.z7vexzyPX0uUpV1sMRuQz/eu0y2RqJwF39R1uIU5SS', '0962140538', '707 Cherry St'),
(176, 'James', 'Martin', 'james.martin172@example.com', '$2y$10$fYcd.wHqaj.z7vexzyPX0uUpV1sMRuQz/eu0y2RqJwF39R1uIU5SS', '0986957593', '123 Main St'),
(177, 'Ashley', 'Taylor', 'ashley.taylor173@example.com', '$2y$10$fYcd.wHqaj.z7vexzyPX0uUpV1sMRuQz/eu0y2RqJwF39R1uIU5SS', '0915620673', '707 Cherry St'),
(178, 'William', 'White', 'william.white174@example.com', '$2y$10$fYcd.wHqaj.z7vexzyPX0uUpV1sMRuQz/eu0y2RqJwF39R1uIU5SS', '0987303845', '456 Elm St'),
(179, 'Jessica', 'Jackson', 'jessica.jackson175@example.com', '$2y$10$fYcd.wHqaj.z7vexzyPX0uUpV1sMRuQz/eu0y2RqJwF39R1uIU5SS', '0935342525', '1405 Beech St'),
(180, 'Jessica', 'Miller', 'jessica.miller176@example.com', '$2y$10$fYcd.wHqaj.z7vexzyPX0uUpV1sMRuQz/eu0y2RqJwF39R1uIU5SS', '0952942338', '606 Willow St'),
(181, 'Charles', 'Johnson', 'charles.johnson177@example.com', '$2y$10$fYcd.wHqaj.z7vexzyPX0uUpV1sMRuQz/eu0y2RqJwF39R1uIU5SS', '0936748816', '606 Willow St'),
(182, 'Thomas', 'Garcia', 'thomas.garcia178@example.com', '$2y$10$fYcd.wHqaj.z7vexzyPX0uUpV1sMRuQz/eu0y2RqJwF39R1uIU5SS', '0920152493', '1708 Sequoia St'),
(183, 'Emily', 'Taylor', 'emily.taylor179@example.com', '$2y$10$fYcd.wHqaj.z7vexzyPX0uUpV1sMRuQz/eu0y2RqJwF39R1uIU5SS', '0959160360', '808 Aspen St'),
(184, 'Amanda', 'Wilson', 'amanda.wilson180@example.com', '$2y$10$fYcd.wHqaj.z7vexzyPX0uUpV1sMRuQz/eu0y2RqJwF39R1uIU5SS', '0995362206', '456 Elm St'),
(185, 'Jessica', 'Harris', 'jessica.harris181@example.com', '$2y$10$fYcd.wHqaj.z7vexzyPX0uUpV1sMRuQz/eu0y2RqJwF39R1uIU5SS', '0963121788', '303 Cedar St'),
(186, 'William', 'Martin', 'william.martin182@example.com', '$2y$10$fYcd.wHqaj.z7vexzyPX0uUpV1sMRuQz/eu0y2RqJwF39R1uIU5SS', '0900706218', '909 Magnolia Ave'),
(187, 'Michael', 'Smith', 'michael.smith183@example.com', '$2y$10$fYcd.wHqaj.z7vexzyPX0uUpV1sMRuQz/eu0y2RqJwF39R1uIU5SS', '0918584595', '1405 Beech St'),
(188, 'William', 'Thompson', 'william.thompson184@example.com', '$2y$10$fYcd.wHqaj.z7vexzyPX0uUpV1sMRuQz/eu0y2RqJwF39R1uIU5SS', '0957999217', '707 Cherry St'),
(189, 'Jessica', 'Wilson', 'jessica.wilson185@example.com', '$2y$10$fYcd.wHqaj.z7vexzyPX0uUpV1sMRuQz/eu0y2RqJwF39R1uIU5SS', '0917279597', '606 Willow St'),
(190, 'David', 'Moore', 'david.moore186@example.com', '$2y$10$fYcd.wHqaj.z7vexzyPX0uUpV1sMRuQz/eu0y2RqJwF39R1uIU5SS', '0952464991', '707 Cherry St'),
(191, 'Emily', 'Brown', 'emily.brown187@example.com', '$2y$10$fYcd.wHqaj.z7vexzyPX0uUpV1sMRuQz/eu0y2RqJwF39R1uIU5SS', '0980404403', '1304 Poplar St'),
(192, 'Hannah', 'Robinson', 'hannah.robinson188@example.com', '$2y$10$fYcd.wHqaj.z7vexzyPX0uUpV1sMRuQz/eu0y2RqJwF39R1uIU5SS', '0990643175', '1506 Sycamore St'),
(193, 'Ashley', 'Jackson', 'ashley.jackson189@example.com', '$2y$10$fYcd.wHqaj.z7vexzyPX0uUpV1sMRuQz/eu0y2RqJwF39R1uIU5SS', '0951077661', '789 Oak St'),
(194, 'James', 'Jackson', 'james.jackson190@example.com', '$2y$10$fYcd.wHqaj.z7vexzyPX0uUpV1sMRuQz/eu0y2RqJwF39R1uIU5SS', '0949087667', '505 Spruce St'),
(195, 'Joseph', 'Martinez', 'joseph.martinez191@example.com', '$2y$10$fYcd.wHqaj.z7vexzyPX0uUpV1sMRuQz/eu0y2RqJwF39R1uIU5SS', '0945724543', '303 Cedar St'),
(196, 'Elizabeth', 'Moore', 'elizabeth.moore192@example.com', '$2y$10$fYcd.wHqaj.z7vexzyPX0uUpV1sMRuQz/eu0y2RqJwF39R1uIU5SS', '0986970142', '123 Main St'),
(197, 'Jane', 'Jones', 'jane.jones193@example.com', '$2y$10$fYcd.wHqaj.z7vexzyPX0uUpV1sMRuQz/eu0y2RqJwF39R1uIU5SS', '0926593885', '1304 Poplar St'),
(198, 'Megan', 'Taylor', 'megan.taylor194@example.com', '$2y$10$fYcd.wHqaj.z7vexzyPX0uUpV1sMRuQz/eu0y2RqJwF39R1uIU5SS', '0943508828', '1304 Poplar St'),
(199, 'Amanda', 'Brown', 'amanda.brown195@example.com', '$2y$10$fYcd.wHqaj.z7vexzyPX0uUpV1sMRuQz/eu0y2RqJwF39R1uIU5SS', '0946564084', '505 Spruce St'),
(200, 'Emily', 'Moore', 'emily.moore196@example.com', '$2y$10$fYcd.wHqaj.z7vexzyPX0uUpV1sMRuQz/eu0y2RqJwF39R1uIU5SS', '0990493158', '202 Pine St'),
(201, 'Emily', 'Miller', 'emily.miller197@example.com', '$2y$10$fYcd.wHqaj.z7vexzyPX0uUpV1sMRuQz/eu0y2RqJwF39R1uIU5SS', '0989997317', '505 Spruce St'),
(202, 'Amanda', 'White', 'amanda.white198@example.com', '$2y$10$fYcd.wHqaj.z7vexzyPX0uUpV1sMRuQz/eu0y2RqJwF39R1uIU5SS', '0974394975', '606 Willow St'),
(203, 'Thomas', 'Moore', 'thomas.moore199@example.com', '$2y$10$fYcd.wHqaj.z7vexzyPX0uUpV1sMRuQz/eu0y2RqJwF39R1uIU5SS', '0975171824', '909 Magnolia Ave'),
(204, 'Matthew', 'Thompson', 'matthew.thompson200@example.com', '$2y$10$fYcd.wHqaj.z7vexzyPX0uUpV1sMRuQz/eu0y2RqJwF39R1uIU5SS', '0976136649', '202 Pine St'),
(205, 'Michael', 'Johnson', 'michael.johnson201@example.com', '$2y$10$fYcd.wHqaj.z7vexzyPX0uUpV1sMRuQz/eu0y2RqJwF39R1uIU5SS', '0925453964', '909 Magnolia Ave'),
(206, 'Elizabeth', 'Thomas', 'elizabeth.thomas202@example.com', '$2y$10$fYcd.wHqaj.z7vexzyPX0uUpV1sMRuQz/eu0y2RqJwF39R1uIU5SS', '0988651452', '1506 Sycamore St'),
(207, 'Jane', 'Williams', 'jane.williams203@example.com', '$2y$10$fYcd.wHqaj.z7vexzyPX0uUpV1sMRuQz/eu0y2RqJwF39R1uIU5SS', '0985409174', '1708 Sequoia St'),
(208, 'Sarah', 'Smith', 'sarah.smith204@example.com', '$2y$10$fYcd.wHqaj.z7vexzyPX0uUpV1sMRuQz/eu0y2RqJwF39R1uIU5SS', '0964691859', '808 Aspen St'),
(209, 'Emily', 'Davis', 'emily.davis205@example.com', '$2y$10$fYcd.wHqaj.z7vexzyPX0uUpV1sMRuQz/eu0y2RqJwF39R1uIU5SS', '0998658908', '606 Willow St'),
(210, 'Hannah', 'Martin', 'hannah.martin206@example.com', '$2y$10$fYcd.wHqaj.z7vexzyPX0uUpV1sMRuQz/eu0y2RqJwF39R1uIU5SS', '0926602935', '1506 Sycamore St'),
(211, 'Elizabeth', 'Williams', 'elizabeth.williams207@example.com', '$2y$10$fYcd.wHqaj.z7vexzyPX0uUpV1sMRuQz/eu0y2RqJwF39R1uIU5SS', '0954987063', '808 Aspen St'),
(212, 'Charles', 'Thomas', 'charles.thomas208@example.com', '$2y$10$fYcd.wHqaj.z7vexzyPX0uUpV1sMRuQz/eu0y2RqJwF39R1uIU5SS', '0984534081', '1607 Alder St'),
(213, 'James', 'Martinez', 'james.martinez209@example.com', '$2y$10$fYcd.wHqaj.z7vexzyPX0uUpV1sMRuQz/eu0y2RqJwF39R1uIU5SS', '0916592575', '303 Cedar St'),
(214, 'Joseph', 'Martin', 'joseph.martin210@example.com', '$2y$10$fYcd.wHqaj.z7vexzyPX0uUpV1sMRuQz/eu0y2RqJwF39R1uIU5SS', '0908562231', '404 Birch St'),
(215, 'Elizabeth', 'Brown', 'elizabeth.brown211@example.com', '$2y$10$fYcd.wHqaj.z7vexzyPX0uUpV1sMRuQz/eu0y2RqJwF39R1uIU5SS', '0953529098', '1203 Hickory St'),
(216, 'Joseph', 'Martin', 'joseph.martin212@example.com', '$2y$10$fYcd.wHqaj.z7vexzyPX0uUpV1sMRuQz/eu0y2RqJwF39R1uIU5SS', '0911823544', '1203 Hickory St'),
(217, 'James', 'Taylor', 'james.taylor213@example.com', '$2y$10$fYcd.wHqaj.z7vexzyPX0uUpV1sMRuQz/eu0y2RqJwF39R1uIU5SS', '0924910537', '1102 Chestnut St'),
(218, 'Joseph', 'Martin', 'joseph.martin214@example.com', '$2y$10$fYcd.wHqaj.z7vexzyPX0uUpV1sMRuQz/eu0y2RqJwF39R1uIU5SS', '0904462354', '101 Maple Ave'),
(219, 'Jennifer', 'Jackson', 'jennifer.jackson215@example.com', '$2y$10$fYcd.wHqaj.z7vexzyPX0uUpV1sMRuQz/eu0y2RqJwF39R1uIU5SS', '0953851787', '1304 Poplar St'),
(220, 'Elizabeth', 'Brown', 'elizabeth.brown216@example.com', '$2y$10$fYcd.wHqaj.z7vexzyPX0uUpV1sMRuQz/eu0y2RqJwF39R1uIU5SS', '0979786930', '909 Magnolia Ave'),
(221, 'Emily', 'Martinez', 'emily.martinez217@example.com', '$2y$10$fYcd.wHqaj.z7vexzyPX0uUpV1sMRuQz/eu0y2RqJwF39R1uIU5SS', '0925806836', '1304 Poplar St'),
(222, 'Elizabeth', 'Jackson', 'elizabeth.jackson218@example.com', '$2y$10$fYcd.wHqaj.z7vexzyPX0uUpV1sMRuQz/eu0y2RqJwF39R1uIU5SS', '0949884965', '707 Cherry St'),
(223, 'Hannah', 'Wilson', 'hannah.wilson219@example.com', '$2y$10$fYcd.wHqaj.z7vexzyPX0uUpV1sMRuQz/eu0y2RqJwF39R1uIU5SS', '0938225358', '1304 Poplar St'),
(224, 'Sarah', 'Wilson', 'sarah.wilson220@example.com', '$2y$10$fYcd.wHqaj.z7vexzyPX0uUpV1sMRuQz/eu0y2RqJwF39R1uIU5SS', '0958329193', '1708 Sequoia St'),
(225, 'Charles', 'Williams', 'charles.williams221@example.com', '$2y$10$fYcd.wHqaj.z7vexzyPX0uUpV1sMRuQz/eu0y2RqJwF39R1uIU5SS', '0954532665', '303 Cedar St'),
(226, 'Megan', 'Harris', 'megan.harris222@example.com', '$2y$10$fYcd.wHqaj.z7vexzyPX0uUpV1sMRuQz/eu0y2RqJwF39R1uIU5SS', '0925140327', '123 Main St'),
(227, 'Jessica', 'Miller', 'jessica.miller223@example.com', '$2y$10$fYcd.wHqaj.z7vexzyPX0uUpV1sMRuQz/eu0y2RqJwF39R1uIU5SS', '0918373565', '101 Maple Ave'),
(228, 'Hannah', 'Robinson', 'hannah.robinson224@example.com', '$2y$10$fYcd.wHqaj.z7vexzyPX0uUpV1sMRuQz/eu0y2RqJwF39R1uIU5SS', '0901794490', '909 Magnolia Ave'),
(229, 'Ashley', 'Thompson', 'ashley.thompson225@example.com', '$2y$10$fYcd.wHqaj.z7vexzyPX0uUpV1sMRuQz/eu0y2RqJwF39R1uIU5SS', '0930917879', '1708 Sequoia St'),
(230, 'Thomas', 'Jackson', 'thomas.jackson226@example.com', '$2y$10$fYcd.wHqaj.z7vexzyPX0uUpV1sMRuQz/eu0y2RqJwF39R1uIU5SS', '0975238889', '202 Pine St'),
(231, 'James', 'Harris', 'james.harris227@example.com', '$2y$10$fYcd.wHqaj.z7vexzyPX0uUpV1sMRuQz/eu0y2RqJwF39R1uIU5SS', '0993541062', '1506 Sycamore St'),
(232, 'Jane', 'Moore', 'jane.moore228@example.com', '$2y$10$fYcd.wHqaj.z7vexzyPX0uUpV1sMRuQz/eu0y2RqJwF39R1uIU5SS', '0967077359', '1506 Sycamore St'),
(233, 'Amanda', 'Moore', 'amanda.moore229@example.com', '$2y$10$fYcd.wHqaj.z7vexzyPX0uUpV1sMRuQz/eu0y2RqJwF39R1uIU5SS', '0961687809', '1405 Beech St'),
(234, 'David', 'Moore', 'david.moore230@example.com', '$2y$10$fYcd.wHqaj.z7vexzyPX0uUpV1sMRuQz/eu0y2RqJwF39R1uIU5SS', '0970925990', '789 Oak St'),
(235, 'Amanda', 'Martinez', 'amanda.martinez231@example.com', '$2y$10$fYcd.wHqaj.z7vexzyPX0uUpV1sMRuQz/eu0y2RqJwF39R1uIU5SS', '0903274107', '1304 Poplar St'),
(236, 'Hannah', 'Thomas', 'hannah.thomas232@example.com', '$2y$10$fYcd.wHqaj.z7vexzyPX0uUpV1sMRuQz/eu0y2RqJwF39R1uIU5SS', '0951161272', '202 Pine St'),
(237, 'Michael', 'Anderson', 'michael.anderson233@example.com', '$2y$10$fYcd.wHqaj.z7vexzyPX0uUpV1sMRuQz/eu0y2RqJwF39R1uIU5SS', '0937149550', '1001 Walnut St'),
(238, 'David', 'Smith', 'david.smith234@example.com', '$2y$10$fYcd.wHqaj.z7vexzyPX0uUpV1sMRuQz/eu0y2RqJwF39R1uIU5SS', '0962429520', '808 Aspen St'),
(239, 'Amanda', 'Jones', 'amanda.jones235@example.com', '$2y$10$fYcd.wHqaj.z7vexzyPX0uUpV1sMRuQz/eu0y2RqJwF39R1uIU5SS', '0982445753', '1203 Hickory St'),
(240, 'Amanda', 'Harris', 'amanda.harris236@example.com', '$2y$10$fYcd.wHqaj.z7vexzyPX0uUpV1sMRuQz/eu0y2RqJwF39R1uIU5SS', '0909198249', '606 Willow St'),
(241, 'Jessica', 'White', 'jessica.white237@example.com', '$2y$10$fYcd.wHqaj.z7vexzyPX0uUpV1sMRuQz/eu0y2RqJwF39R1uIU5SS', '0979744027', '303 Cedar St'),
(242, 'Daniel', 'Taylor', 'daniel.taylor238@example.com', '$2y$10$fYcd.wHqaj.z7vexzyPX0uUpV1sMRuQz/eu0y2RqJwF39R1uIU5SS', '0916354674', '707 Cherry St'),
(243, 'William', 'Martinez', 'william.martinez239@example.com', '$2y$10$fYcd.wHqaj.z7vexzyPX0uUpV1sMRuQz/eu0y2RqJwF39R1uIU5SS', '0965625873', '101 Maple Ave'),
(244, 'Michael', 'Martin', 'michael.martin240@example.com', '$2y$10$fYcd.wHqaj.z7vexzyPX0uUpV1sMRuQz/eu0y2RqJwF39R1uIU5SS', '0946677776', '505 Spruce St'),
(245, 'Sarah', 'Garcia', 'sarah.garcia241@example.com', '$2y$10$fYcd.wHqaj.z7vexzyPX0uUpV1sMRuQz/eu0y2RqJwF39R1uIU5SS', '0901902242', '1001 Walnut St'),
(246, 'Joseph', 'Williams', 'joseph.williams242@example.com', '$2y$10$fYcd.wHqaj.z7vexzyPX0uUpV1sMRuQz/eu0y2RqJwF39R1uIU5SS', '0964466788', '202 Pine St'),
(247, 'William', 'Brown', 'william.brown243@example.com', '$2y$10$fYcd.wHqaj.z7vexzyPX0uUpV1sMRuQz/eu0y2RqJwF39R1uIU5SS', '0961810954', '789 Oak St'),
(248, 'Matthew', 'Robinson', 'matthew.robinson244@example.com', '$2y$10$fYcd.wHqaj.z7vexzyPX0uUpV1sMRuQz/eu0y2RqJwF39R1uIU5SS', '0955949109', '1708 Sequoia St'),
(249, 'Elizabeth', 'Jackson', 'elizabeth.jackson245@example.com', '$2y$10$fYcd.wHqaj.z7vexzyPX0uUpV1sMRuQz/eu0y2RqJwF39R1uIU5SS', '0997370169', '303 Cedar St'),
(250, 'David', 'Miller', 'david.miller246@example.com', '$2y$10$fYcd.wHqaj.z7vexzyPX0uUpV1sMRuQz/eu0y2RqJwF39R1uIU5SS', '0979776144', '202 Pine St'),
(251, 'Jane', 'Martinez', 'jane.martinez247@example.com', '$2y$10$fYcd.wHqaj.z7vexzyPX0uUpV1sMRuQz/eu0y2RqJwF39R1uIU5SS', '0939413899', '101 Maple Ave'),
(252, 'David', 'Robinson', 'david.robinson248@example.com', '$2y$10$fYcd.wHqaj.z7vexzyPX0uUpV1sMRuQz/eu0y2RqJwF39R1uIU5SS', '0938120445', '789 Oak St'),
(253, 'Joseph', 'Harris', 'joseph.harris249@example.com', '$2y$10$fYcd.wHqaj.z7vexzyPX0uUpV1sMRuQz/eu0y2RqJwF39R1uIU5SS', '0998260217', '404 Birch St'),
(254, 'Sarah', 'Martin', 'sarah.martin250@example.com', '$2y$10$fYcd.wHqaj.z7vexzyPX0uUpV1sMRuQz/eu0y2RqJwF39R1uIU5SS', '0900773105', '789 Oak St'),
(255, 'Matthew', 'Miller', 'matthew.miller251@example.com', '$2y$10$fYcd.wHqaj.z7vexzyPX0uUpV1sMRuQz/eu0y2RqJwF39R1uIU5SS', '0900826112', '606 Willow St'),
(256, 'Sarah', 'Garcia', 'sarah.garcia252@example.com', '$2y$10$fYcd.wHqaj.z7vexzyPX0uUpV1sMRuQz/eu0y2RqJwF39R1uIU5SS', '0978071123', '909 Magnolia Ave'),
(257, 'Jane', 'White', 'jane.white253@example.com', '$2y$10$fYcd.wHqaj.z7vexzyPX0uUpV1sMRuQz/eu0y2RqJwF39R1uIU5SS', '0967293751', '123 Main St'),
(258, 'James', 'Moore', 'james.moore254@example.com', '$2y$10$fYcd.wHqaj.z7vexzyPX0uUpV1sMRuQz/eu0y2RqJwF39R1uIU5SS', '0958204142', '303 Cedar St'),
(259, 'Matthew', 'Wilson', 'matthew.wilson255@example.com', '$2y$10$fYcd.wHqaj.z7vexzyPX0uUpV1sMRuQz/eu0y2RqJwF39R1uIU5SS', '0955472436', '606 Willow St'),
(260, 'Michael', 'Williams', 'michael.williams256@example.com', '$2y$10$fYcd.wHqaj.z7vexzyPX0uUpV1sMRuQz/eu0y2RqJwF39R1uIU5SS', '0983376015', '202 Pine St'),
(261, 'James', 'Anderson', 'james.anderson257@example.com', '$2y$10$fYcd.wHqaj.z7vexzyPX0uUpV1sMRuQz/eu0y2RqJwF39R1uIU5SS', '0975222089', '1506 Sycamore St'),
(262, 'Jessica', 'Thomas', 'jessica.thomas258@example.com', '$2y$10$fYcd.wHqaj.z7vexzyPX0uUpV1sMRuQz/eu0y2RqJwF39R1uIU5SS', '0993674128', '1102 Chestnut St'),
(263, 'Charles', 'Thompson', 'charles.thompson259@example.com', '$2y$10$fYcd.wHqaj.z7vexzyPX0uUpV1sMRuQz/eu0y2RqJwF39R1uIU5SS', '0959017989', '1304 Poplar St'),
(264, 'Ashley', 'Moore', 'ashley.moore260@example.com', '$2y$10$fYcd.wHqaj.z7vexzyPX0uUpV1sMRuQz/eu0y2RqJwF39R1uIU5SS', '0959002308', '303 Cedar St'),
(265, 'Amanda', 'Davis', 'amanda.davis261@example.com', '$2y$10$fYcd.wHqaj.z7vexzyPX0uUpV1sMRuQz/eu0y2RqJwF39R1uIU5SS', '0932022212', '456 Elm St'),
(266, 'Amanda', 'Martinez', 'amanda.martinez262@example.com', '$2y$10$fYcd.wHqaj.z7vexzyPX0uUpV1sMRuQz/eu0y2RqJwF39R1uIU5SS', '0953305509', '1102 Chestnut St'),
(267, 'Amanda', 'Thompson', 'amanda.thompson263@example.com', '$2y$10$fYcd.wHqaj.z7vexzyPX0uUpV1sMRuQz/eu0y2RqJwF39R1uIU5SS', '0999281934', '101 Maple Ave'),
(268, 'Jessica', 'Brown', 'jessica.brown264@example.com', '$2y$10$fYcd.wHqaj.z7vexzyPX0uUpV1sMRuQz/eu0y2RqJwF39R1uIU5SS', '0958009559', '789 Oak St'),
(269, 'James', 'Anderson', 'james.anderson265@example.com', '$2y$10$fYcd.wHqaj.z7vexzyPX0uUpV1sMRuQz/eu0y2RqJwF39R1uIU5SS', '0962620288', '808 Aspen St'),
(270, 'Jane', 'Thomas', 'jane.thomas266@example.com', '$2y$10$fYcd.wHqaj.z7vexzyPX0uUpV1sMRuQz/eu0y2RqJwF39R1uIU5SS', '0918591513', '1102 Chestnut St'),
(271, 'Charles', 'Johnson', 'charles.johnson267@example.com', '$2y$10$fYcd.wHqaj.z7vexzyPX0uUpV1sMRuQz/eu0y2RqJwF39R1uIU5SS', '0939148475', '1203 Hickory St'),
(272, 'Amanda', 'Williams', 'amanda.williams268@example.com', '$2y$10$fYcd.wHqaj.z7vexzyPX0uUpV1sMRuQz/eu0y2RqJwF39R1uIU5SS', '0928531171', '1102 Chestnut St'),
(273, 'David', 'Anderson', 'david.anderson269@example.com', '$2y$10$fYcd.wHqaj.z7vexzyPX0uUpV1sMRuQz/eu0y2RqJwF39R1uIU5SS', '0986296823', '404 Birch St'),
(274, 'Daniel', 'Jackson', 'daniel.jackson270@example.com', '$2y$10$fYcd.wHqaj.z7vexzyPX0uUpV1sMRuQz/eu0y2RqJwF39R1uIU5SS', '0911576409', '1607 Alder St'),
(275, 'Jennifer', 'Moore', 'jennifer.moore271@example.com', '$2y$10$fYcd.wHqaj.z7vexzyPX0uUpV1sMRuQz/eu0y2RqJwF39R1uIU5SS', '0956365187', '1203 Hickory St'),
(276, 'Matthew', 'Anderson', 'matthew.anderson272@example.com', '$2y$10$fYcd.wHqaj.z7vexzyPX0uUpV1sMRuQz/eu0y2RqJwF39R1uIU5SS', '0971535952', '1304 Poplar St'),
(277, 'John', 'Robinson', 'john.robinson273@example.com', '$2y$10$fYcd.wHqaj.z7vexzyPX0uUpV1sMRuQz/eu0y2RqJwF39R1uIU5SS', '0962727269', '101 Maple Ave'),
(278, 'Elizabeth', 'Jackson', 'elizabeth.jackson274@example.com', '$2y$10$fYcd.wHqaj.z7vexzyPX0uUpV1sMRuQz/eu0y2RqJwF39R1uIU5SS', '0919086650', '1001 Walnut St'),
(279, 'Matthew', 'Anderson', 'matthew.anderson275@example.com', '$2y$10$fYcd.wHqaj.z7vexzyPX0uUpV1sMRuQz/eu0y2RqJwF39R1uIU5SS', '0915793752', '707 Cherry St'),
(280, 'William', 'Thompson', 'william.thompson276@example.com', '$2y$10$fYcd.wHqaj.z7vexzyPX0uUpV1sMRuQz/eu0y2RqJwF39R1uIU5SS', '0900209036', '1001 Walnut St'),
(281, 'John', 'Johnson', 'john.johnson277@example.com', '$2y$10$fYcd.wHqaj.z7vexzyPX0uUpV1sMRuQz/eu0y2RqJwF39R1uIU5SS', '0901445811', '1001 Walnut St'),
(282, 'Jennifer', 'Robinson', 'jennifer.robinson278@example.com', '$2y$10$fYcd.wHqaj.z7vexzyPX0uUpV1sMRuQz/eu0y2RqJwF39R1uIU5SS', '0921668864', '1304 Poplar St'),
(283, 'David', 'Robinson', 'david.robinson279@example.com', '$2y$10$fYcd.wHqaj.z7vexzyPX0uUpV1sMRuQz/eu0y2RqJwF39R1uIU5SS', '0920565779', '789 Oak St'),
(284, 'Ashley', 'Garcia', 'ashley.garcia280@example.com', '$2y$10$fYcd.wHqaj.z7vexzyPX0uUpV1sMRuQz/eu0y2RqJwF39R1uIU5SS', '0960626942', '1203 Hickory St'),
(285, 'Jennifer', 'Johnson', 'jennifer.johnson281@example.com', '$2y$10$fYcd.wHqaj.z7vexzyPX0uUpV1sMRuQz/eu0y2RqJwF39R1uIU5SS', '0935154124', '606 Willow St'),
(286, 'Jane', 'Garcia', 'jane.garcia282@example.com', '$2y$10$fYcd.wHqaj.z7vexzyPX0uUpV1sMRuQz/eu0y2RqJwF39R1uIU5SS', '0946938940', '456 Elm St'),
(287, 'Sarah', 'Wilson', 'sarah.wilson283@example.com', '$2y$10$fYcd.wHqaj.z7vexzyPX0uUpV1sMRuQz/eu0y2RqJwF39R1uIU5SS', '0932444465', '606 Willow St'),
(288, 'Hannah', 'Jackson', 'hannah.jackson284@example.com', '$2y$10$fYcd.wHqaj.z7vexzyPX0uUpV1sMRuQz/eu0y2RqJwF39R1uIU5SS', '0906571595', '909 Magnolia Ave'),
(289, 'William', 'Taylor', 'william.taylor285@example.com', '$2y$10$fYcd.wHqaj.z7vexzyPX0uUpV1sMRuQz/eu0y2RqJwF39R1uIU5SS', '0916664381', '1001 Walnut St'),
(290, 'Megan', 'Brown', 'megan.brown286@example.com', '$2y$10$fYcd.wHqaj.z7vexzyPX0uUpV1sMRuQz/eu0y2RqJwF39R1uIU5SS', '0980894645', '789 Oak St'),
(291, 'Matthew', 'Martinez', 'matthew.martinez287@example.com', '$2y$10$fYcd.wHqaj.z7vexzyPX0uUpV1sMRuQz/eu0y2RqJwF39R1uIU5SS', '0922797203', '101 Maple Ave'),
(292, 'Jessica', 'Johnson', 'jessica.johnson288@example.com', '$2y$10$fYcd.wHqaj.z7vexzyPX0uUpV1sMRuQz/eu0y2RqJwF39R1uIU5SS', '0997713108', '1506 Sycamore St'),
(293, 'Michael', 'Taylor', 'michael.taylor289@example.com', '$2y$10$fYcd.wHqaj.z7vexzyPX0uUpV1sMRuQz/eu0y2RqJwF39R1uIU5SS', '0953846874', '404 Birch St'),
(294, 'Hannah', 'Davis', 'hannah.davis290@example.com', '$2y$10$fYcd.wHqaj.z7vexzyPX0uUpV1sMRuQz/eu0y2RqJwF39R1uIU5SS', '0956005191', '707 Cherry St'),
(295, 'Amanda', 'Taylor', 'amanda.taylor291@example.com', '$2y$10$fYcd.wHqaj.z7vexzyPX0uUpV1sMRuQz/eu0y2RqJwF39R1uIU5SS', '0966343767', '1203 Hickory St'),
(296, 'Emily', 'Davis', 'emily.davis292@example.com', '$2y$10$fYcd.wHqaj.z7vexzyPX0uUpV1sMRuQz/eu0y2RqJwF39R1uIU5SS', '0952933760', '123 Main St'),
(297, 'Matthew', 'Wilson', 'matthew.wilson293@example.com', '$2y$10$fYcd.wHqaj.z7vexzyPX0uUpV1sMRuQz/eu0y2RqJwF39R1uIU5SS', '0910909699', '1102 Chestnut St'),
(298, 'John', 'Thompson', 'john.thompson294@example.com', '$2y$10$fYcd.wHqaj.z7vexzyPX0uUpV1sMRuQz/eu0y2RqJwF39R1uIU5SS', '0972214975', '505 Spruce St'),
(299, 'Daniel', 'Wilson', 'daniel.wilson295@example.com', '$2y$10$fYcd.wHqaj.z7vexzyPX0uUpV1sMRuQz/eu0y2RqJwF39R1uIU5SS', '0900478011', '303 Cedar St'),
(300, 'James', 'Johnson', 'james.johnson296@example.com', '$2y$10$fYcd.wHqaj.z7vexzyPX0uUpV1sMRuQz/eu0y2RqJwF39R1uIU5SS', '0977561819', '1506 Sycamore St'),
(301, 'Hannah', 'Moore', 'hannah.moore297@example.com', '$2y$10$fYcd.wHqaj.z7vexzyPX0uUpV1sMRuQz/eu0y2RqJwF39R1uIU5SS', '0911159685', '1405 Beech St'),
(302, 'David', 'Miller', 'david.miller298@example.com', '$2y$10$fYcd.wHqaj.z7vexzyPX0uUpV1sMRuQz/eu0y2RqJwF39R1uIU5SS', '0972560477', '505 Spruce St'),
(303, 'John', 'White', 'john.white299@example.com', '$2y$10$fYcd.wHqaj.z7vexzyPX0uUpV1sMRuQz/eu0y2RqJwF39R1uIU5SS', '0999622820', '404 Birch St'),
(304, 'Amanda', 'Jackson', 'amanda.jackson300@example.com', '$2y$10$fYcd.wHqaj.z7vexzyPX0uUpV1sMRuQz/eu0y2RqJwF39R1uIU5SS', '0962432149', '808 Aspen St'),
(305, 'Jessica', 'Robinson', 'jessica.robinson301@example.com', '$2y$10$fYcd.wHqaj.z7vexzyPX0uUpV1sMRuQz/eu0y2RqJwF39R1uIU5SS', '0979754861', '1405 Beech St'),
(306, 'Thomas', 'Martinez', 'thomas.martinez302@example.com', '$2y$10$fYcd.wHqaj.z7vexzyPX0uUpV1sMRuQz/eu0y2RqJwF39R1uIU5SS', '0960164971', '456 Elm St'),
(307, 'Jessica', 'Williams', 'jessica.williams303@example.com', '$2y$10$fYcd.wHqaj.z7vexzyPX0uUpV1sMRuQz/eu0y2RqJwF39R1uIU5SS', '0977261255', '303 Cedar St'),
(308, 'Emily', 'Thompson', 'emily.thompson304@example.com', '$2y$10$fYcd.wHqaj.z7vexzyPX0uUpV1sMRuQz/eu0y2RqJwF39R1uIU5SS', '0937960119', '909 Magnolia Ave'),
(309, 'Hannah', 'Miller', 'hannah.miller305@example.com', '$2y$10$fYcd.wHqaj.z7vexzyPX0uUpV1sMRuQz/eu0y2RqJwF39R1uIU5SS', '0972987750', '789 Oak St'),
(310, 'Jennifer', 'Moore', 'jennifer.moore306@example.com', '$2y$10$fYcd.wHqaj.z7vexzyPX0uUpV1sMRuQz/eu0y2RqJwF39R1uIU5SS', '0934318694', '1203 Hickory St'),
(311, 'David', 'Taylor', 'david.taylor307@example.com', '$2y$10$fYcd.wHqaj.z7vexzyPX0uUpV1sMRuQz/eu0y2RqJwF39R1uIU5SS', '0972864099', '808 Aspen St'),
(312, 'John', 'Harris', 'john.harris308@example.com', '$2y$10$fYcd.wHqaj.z7vexzyPX0uUpV1sMRuQz/eu0y2RqJwF39R1uIU5SS', '0936642035', '404 Birch St'),
(313, 'Daniel', 'Harris', 'daniel.harris309@example.com', '$2y$10$fYcd.wHqaj.z7vexzyPX0uUpV1sMRuQz/eu0y2RqJwF39R1uIU5SS', '0999558317', '606 Willow St'),
(314, 'Ashley', 'Anderson', 'ashley.anderson310@example.com', '$2y$10$fYcd.wHqaj.z7vexzyPX0uUpV1sMRuQz/eu0y2RqJwF39R1uIU5SS', '0962958913', '404 Birch St'),
(315, 'Sarah', 'Davis', 'sarah.davis311@example.com', '$2y$10$fYcd.wHqaj.z7vexzyPX0uUpV1sMRuQz/eu0y2RqJwF39R1uIU5SS', '0920464623', '1405 Beech St'),
(316, 'Michael', 'Wilson', 'michael.wilson312@example.com', '$2y$10$fYcd.wHqaj.z7vexzyPX0uUpV1sMRuQz/eu0y2RqJwF39R1uIU5SS', '0990384921', '202 Pine St'),
(317, 'Ashley', 'Williams', 'ashley.williams313@example.com', '$2y$10$fYcd.wHqaj.z7vexzyPX0uUpV1sMRuQz/eu0y2RqJwF39R1uIU5SS', '0978826219', '707 Cherry St'),
(318, 'Joseph', 'Jackson', 'joseph.jackson314@example.com', '$2y$10$fYcd.wHqaj.z7vexzyPX0uUpV1sMRuQz/eu0y2RqJwF39R1uIU5SS', '0970503495', '1607 Alder St'),
(319, 'Jane', 'Taylor', 'jane.taylor315@example.com', '$2y$10$fYcd.wHqaj.z7vexzyPX0uUpV1sMRuQz/eu0y2RqJwF39R1uIU5SS', '0921522142', '404 Birch St'),
(320, 'Jessica', 'Garcia', 'jessica.garcia316@example.com', '$2y$10$fYcd.wHqaj.z7vexzyPX0uUpV1sMRuQz/eu0y2RqJwF39R1uIU5SS', '0958789583', '808 Aspen St'),
(321, 'Joseph', 'Moore', 'joseph.moore317@example.com', '$2y$10$fYcd.wHqaj.z7vexzyPX0uUpV1sMRuQz/eu0y2RqJwF39R1uIU5SS', '0900851815', '1203 Hickory St'),
(322, 'Charles', 'Robinson', 'charles.robinson318@example.com', '$2y$10$fYcd.wHqaj.z7vexzyPX0uUpV1sMRuQz/eu0y2RqJwF39R1uIU5SS', '0924792965', '1405 Beech St'),
(323, 'Joseph', 'Jones', 'joseph.jones319@example.com', '$2y$10$fYcd.wHqaj.z7vexzyPX0uUpV1sMRuQz/eu0y2RqJwF39R1uIU5SS', '0989883895', '1405 Beech St'),
(324, 'Ashley', 'Jones', 'ashley.jones320@example.com', '$2y$10$fYcd.wHqaj.z7vexzyPX0uUpV1sMRuQz/eu0y2RqJwF39R1uIU5SS', '0906708954', '1001 Walnut St'),
(325, 'Thomas', 'Thompson', 'thomas.thompson321@example.com', '$2y$10$fYcd.wHqaj.z7vexzyPX0uUpV1sMRuQz/eu0y2RqJwF39R1uIU5SS', '0911609548', '1708 Sequoia St'),
(326, 'Michael', 'Garcia', 'michael.garcia322@example.com', '$2y$10$fYcd.wHqaj.z7vexzyPX0uUpV1sMRuQz/eu0y2RqJwF39R1uIU5SS', '0902747760', '303 Cedar St'),
(327, 'David', 'Smith', 'david.smith323@example.com', '$2y$10$fYcd.wHqaj.z7vexzyPX0uUpV1sMRuQz/eu0y2RqJwF39R1uIU5SS', '0983144325', '404 Birch St'),
(328, 'John', 'Robinson', 'john.robinson324@example.com', '$2y$10$fYcd.wHqaj.z7vexzyPX0uUpV1sMRuQz/eu0y2RqJwF39R1uIU5SS', '0977548570', '789 Oak St'),
(329, 'Jennifer', 'Smith', 'jennifer.smith325@example.com', '$2y$10$fYcd.wHqaj.z7vexzyPX0uUpV1sMRuQz/eu0y2RqJwF39R1uIU5SS', '0962786757', '456 Elm St');
INSERT INTO `user_info` (`user_id`, `first_name`, `last_name`, `email`, `password`, `mobile`, `address`) VALUES
(330, 'Charles', 'Brown', 'charles.brown326@example.com', '$2y$10$fYcd.wHqaj.z7vexzyPX0uUpV1sMRuQz/eu0y2RqJwF39R1uIU5SS', '0935794211', '404 Birch St'),
(331, 'Hannah', 'Jackson', 'hannah.jackson327@example.com', '$2y$10$fYcd.wHqaj.z7vexzyPX0uUpV1sMRuQz/eu0y2RqJwF39R1uIU5SS', '0943945370', '1102 Chestnut St'),
(332, 'Hannah', 'Martinez', 'hannah.martinez328@example.com', '$2y$10$fYcd.wHqaj.z7vexzyPX0uUpV1sMRuQz/eu0y2RqJwF39R1uIU5SS', '0902051575', '404 Birch St'),
(333, 'Hannah', 'Smith', 'hannah.smith329@example.com', '$2y$10$fYcd.wHqaj.z7vexzyPX0uUpV1sMRuQz/eu0y2RqJwF39R1uIU5SS', '0953277601', '505 Spruce St'),
(334, 'David', 'White', 'david.white330@example.com', '$2y$10$fYcd.wHqaj.z7vexzyPX0uUpV1sMRuQz/eu0y2RqJwF39R1uIU5SS', '0913324052', '909 Magnolia Ave'),
(335, 'Emily', 'Harris', 'emily.harris331@example.com', '$2y$10$fYcd.wHqaj.z7vexzyPX0uUpV1sMRuQz/eu0y2RqJwF39R1uIU5SS', '0999537537', '707 Cherry St'),
(336, 'Thomas', 'Robinson', 'thomas.robinson332@example.com', '$2y$10$fYcd.wHqaj.z7vexzyPX0uUpV1sMRuQz/eu0y2RqJwF39R1uIU5SS', '0996744236', '1102 Chestnut St'),
(337, 'James', 'Johnson', 'james.johnson333@example.com', '$2y$10$fYcd.wHqaj.z7vexzyPX0uUpV1sMRuQz/eu0y2RqJwF39R1uIU5SS', '0969809874', '1001 Walnut St'),
(338, 'Michael', 'Anderson', 'michael.anderson334@example.com', '$2y$10$fYcd.wHqaj.z7vexzyPX0uUpV1sMRuQz/eu0y2RqJwF39R1uIU5SS', '0977026018', '707 Cherry St'),
(339, 'Emily', 'Martinez', 'emily.martinez335@example.com', '$2y$10$fYcd.wHqaj.z7vexzyPX0uUpV1sMRuQz/eu0y2RqJwF39R1uIU5SS', '0965469877', '1001 Walnut St'),
(340, 'David', 'Moore', 'david.moore336@example.com', '$2y$10$fYcd.wHqaj.z7vexzyPX0uUpV1sMRuQz/eu0y2RqJwF39R1uIU5SS', '0959265815', '1607 Alder St'),
(341, 'Emily', 'Moore', 'emily.moore337@example.com', '$2y$10$fYcd.wHqaj.z7vexzyPX0uUpV1sMRuQz/eu0y2RqJwF39R1uIU5SS', '0904247249', '789 Oak St'),
(342, 'Amanda', 'Martin', 'amanda.martin338@example.com', '$2y$10$fYcd.wHqaj.z7vexzyPX0uUpV1sMRuQz/eu0y2RqJwF39R1uIU5SS', '0932316892', '1708 Sequoia St'),
(343, 'Charles', 'Moore', 'charles.moore339@example.com', '$2y$10$fYcd.wHqaj.z7vexzyPX0uUpV1sMRuQz/eu0y2RqJwF39R1uIU5SS', '0953886857', '606 Willow St'),
(344, 'Amanda', 'Thomas', 'amanda.thomas340@example.com', '$2y$10$fYcd.wHqaj.z7vexzyPX0uUpV1sMRuQz/eu0y2RqJwF39R1uIU5SS', '0963566509', '606 Willow St'),
(345, 'Jane', 'Wilson', 'jane.wilson341@example.com', '$2y$10$fYcd.wHqaj.z7vexzyPX0uUpV1sMRuQz/eu0y2RqJwF39R1uIU5SS', '0985551896', '202 Pine St'),
(346, 'Jennifer', 'Wilson', 'jennifer.wilson342@example.com', '$2y$10$fYcd.wHqaj.z7vexzyPX0uUpV1sMRuQz/eu0y2RqJwF39R1uIU5SS', '0905353697', '123 Main St'),
(347, 'Amanda', 'Martinez', 'amanda.martinez343@example.com', '$2y$10$fYcd.wHqaj.z7vexzyPX0uUpV1sMRuQz/eu0y2RqJwF39R1uIU5SS', '0926670402', '707 Cherry St'),
(348, 'Daniel', 'Jones', 'daniel.jones344@example.com', '$2y$10$fYcd.wHqaj.z7vexzyPX0uUpV1sMRuQz/eu0y2RqJwF39R1uIU5SS', '0944399258', '456 Elm St'),
(349, 'Emily', 'Thomas', 'emily.thomas345@example.com', '$2y$10$fYcd.wHqaj.z7vexzyPX0uUpV1sMRuQz/eu0y2RqJwF39R1uIU5SS', '0953899229', '1001 Walnut St'),
(350, 'James', 'Brown', 'james.brown346@example.com', '$2y$10$fYcd.wHqaj.z7vexzyPX0uUpV1sMRuQz/eu0y2RqJwF39R1uIU5SS', '0911977239', '202 Pine St'),
(351, 'Jessica', 'Taylor', 'jessica.taylor347@example.com', '$2y$10$fYcd.wHqaj.z7vexzyPX0uUpV1sMRuQz/eu0y2RqJwF39R1uIU5SS', '0930987167', '1607 Alder St'),
(352, 'Sarah', 'Garcia', 'sarah.garcia348@example.com', '$2y$10$fYcd.wHqaj.z7vexzyPX0uUpV1sMRuQz/eu0y2RqJwF39R1uIU5SS', '0972199325', '606 Willow St'),
(353, 'Elizabeth', 'Smith', 'elizabeth.smith349@example.com', '$2y$10$fYcd.wHqaj.z7vexzyPX0uUpV1sMRuQz/eu0y2RqJwF39R1uIU5SS', '0940157808', '789 Oak St'),
(354, 'William', 'Taylor', 'william.taylor350@example.com', '$2y$10$fYcd.wHqaj.z7vexzyPX0uUpV1sMRuQz/eu0y2RqJwF39R1uIU5SS', '0978154094', '808 Aspen St'),
(355, 'Sarah', 'Jones', 'sarah.jones351@example.com', '$2y$10$fYcd.wHqaj.z7vexzyPX0uUpV1sMRuQz/eu0y2RqJwF39R1uIU5SS', '0911327084', '1102 Chestnut St'),
(356, 'Elizabeth', 'Davis', 'elizabeth.davis352@example.com', '$2y$10$fYcd.wHqaj.z7vexzyPX0uUpV1sMRuQz/eu0y2RqJwF39R1uIU5SS', '0992599327', '123 Main St'),
(357, 'Emily', 'Thomas', 'emily.thomas353@example.com', '$2y$10$fYcd.wHqaj.z7vexzyPX0uUpV1sMRuQz/eu0y2RqJwF39R1uIU5SS', '0922050804', '606 Willow St'),
(358, 'Jane', 'Anderson', 'jane.anderson354@example.com', '$2y$10$fYcd.wHqaj.z7vexzyPX0uUpV1sMRuQz/eu0y2RqJwF39R1uIU5SS', '0974367960', '456 Elm St'),
(359, 'Daniel', 'Moore', 'daniel.moore355@example.com', '$2y$10$fYcd.wHqaj.z7vexzyPX0uUpV1sMRuQz/eu0y2RqJwF39R1uIU5SS', '0962679818', '789 Oak St'),
(360, 'Charles', 'Moore', 'charles.moore356@example.com', '$2y$10$fYcd.wHqaj.z7vexzyPX0uUpV1sMRuQz/eu0y2RqJwF39R1uIU5SS', '0963602330', '1506 Sycamore St'),
(361, 'Emily', 'Thompson', 'emily.thompson357@example.com', '$2y$10$fYcd.wHqaj.z7vexzyPX0uUpV1sMRuQz/eu0y2RqJwF39R1uIU5SS', '0982626188', '909 Magnolia Ave'),
(362, 'Hannah', 'Smith', 'hannah.smith358@example.com', '$2y$10$fYcd.wHqaj.z7vexzyPX0uUpV1sMRuQz/eu0y2RqJwF39R1uIU5SS', '0955561756', '1203 Hickory St'),
(363, 'Jessica', 'Garcia', 'jessica.garcia359@example.com', '$2y$10$fYcd.wHqaj.z7vexzyPX0uUpV1sMRuQz/eu0y2RqJwF39R1uIU5SS', '0902720938', '707 Cherry St'),
(364, 'Joseph', 'Thomas', 'joseph.thomas360@example.com', '$2y$10$fYcd.wHqaj.z7vexzyPX0uUpV1sMRuQz/eu0y2RqJwF39R1uIU5SS', '0931484357', '202 Pine St'),
(365, 'Jessica', 'Williams', 'jessica.williams361@example.com', '$2y$10$fYcd.wHqaj.z7vexzyPX0uUpV1sMRuQz/eu0y2RqJwF39R1uIU5SS', '0907990576', '606 Willow St'),
(366, 'Daniel', 'Jones', 'daniel.jones362@example.com', '$2y$10$fYcd.wHqaj.z7vexzyPX0uUpV1sMRuQz/eu0y2RqJwF39R1uIU5SS', '0952356587', '404 Birch St'),
(367, 'Jennifer', 'Garcia', 'jennifer.garcia363@example.com', '$2y$10$fYcd.wHqaj.z7vexzyPX0uUpV1sMRuQz/eu0y2RqJwF39R1uIU5SS', '0969675622', '1506 Sycamore St'),
(368, 'Joseph', 'Miller', 'joseph.miller364@example.com', '$2y$10$fYcd.wHqaj.z7vexzyPX0uUpV1sMRuQz/eu0y2RqJwF39R1uIU5SS', '0943562070', '456 Elm St'),
(369, 'Ashley', 'Johnson', 'ashley.johnson365@example.com', '$2y$10$fYcd.wHqaj.z7vexzyPX0uUpV1sMRuQz/eu0y2RqJwF39R1uIU5SS', '0933840318', '707 Cherry St'),
(370, 'Charles', 'Thomas', 'charles.thomas366@example.com', '$2y$10$fYcd.wHqaj.z7vexzyPX0uUpV1sMRuQz/eu0y2RqJwF39R1uIU5SS', '0947426444', '1405 Beech St'),
(371, 'Thomas', 'Martinez', 'thomas.martinez367@example.com', '$2y$10$fYcd.wHqaj.z7vexzyPX0uUpV1sMRuQz/eu0y2RqJwF39R1uIU5SS', '0959863380', '101 Maple Ave'),
(372, 'Thomas', 'White', 'thomas.white368@example.com', '$2y$10$fYcd.wHqaj.z7vexzyPX0uUpV1sMRuQz/eu0y2RqJwF39R1uIU5SS', '0933063736', '101 Maple Ave'),
(373, 'John', 'Williams', 'john.williams369@example.com', '$2y$10$fYcd.wHqaj.z7vexzyPX0uUpV1sMRuQz/eu0y2RqJwF39R1uIU5SS', '0977977345', '789 Oak St'),
(374, 'John', 'Thomas', 'john.thomas370@example.com', '$2y$10$fYcd.wHqaj.z7vexzyPX0uUpV1sMRuQz/eu0y2RqJwF39R1uIU5SS', '0906771239', '101 Maple Ave'),
(375, 'Hannah', 'Smith', 'hannah.smith371@example.com', '$2y$10$fYcd.wHqaj.z7vexzyPX0uUpV1sMRuQz/eu0y2RqJwF39R1uIU5SS', '0991331897', '707 Cherry St'),
(376, 'William', 'Miller', 'william.miller372@example.com', '$2y$10$fYcd.wHqaj.z7vexzyPX0uUpV1sMRuQz/eu0y2RqJwF39R1uIU5SS', '0967035238', '202 Pine St'),
(377, 'Charles', 'White', 'charles.white373@example.com', '$2y$10$fYcd.wHqaj.z7vexzyPX0uUpV1sMRuQz/eu0y2RqJwF39R1uIU5SS', '0947800758', '606 Willow St'),
(378, 'Emily', 'Moore', 'emily.moore374@example.com', '$2y$10$fYcd.wHqaj.z7vexzyPX0uUpV1sMRuQz/eu0y2RqJwF39R1uIU5SS', '0966885724', '123 Main St'),
(379, 'Jennifer', 'Martinez', 'jennifer.martinez375@example.com', '$2y$10$fYcd.wHqaj.z7vexzyPX0uUpV1sMRuQz/eu0y2RqJwF39R1uIU5SS', '0953483492', '606 Willow St'),
(380, 'Jane', 'Jackson', 'jane.jackson376@example.com', '$2y$10$fYcd.wHqaj.z7vexzyPX0uUpV1sMRuQz/eu0y2RqJwF39R1uIU5SS', '0990455431', '505 Spruce St'),
(381, 'Jessica', 'Johnson', 'jessica.johnson377@example.com', '$2y$10$fYcd.wHqaj.z7vexzyPX0uUpV1sMRuQz/eu0y2RqJwF39R1uIU5SS', '0914658469', '909 Magnolia Ave'),
(382, 'David', 'Wilson', 'david.wilson378@example.com', '$2y$10$fYcd.wHqaj.z7vexzyPX0uUpV1sMRuQz/eu0y2RqJwF39R1uIU5SS', '0950305637', '1001 Walnut St'),
(383, 'Sarah', 'Wilson', 'sarah.wilson379@example.com', '$2y$10$fYcd.wHqaj.z7vexzyPX0uUpV1sMRuQz/eu0y2RqJwF39R1uIU5SS', '0988653427', '1405 Beech St'),
(384, 'Daniel', 'Brown', 'daniel.brown380@example.com', '$2y$10$fYcd.wHqaj.z7vexzyPX0uUpV1sMRuQz/eu0y2RqJwF39R1uIU5SS', '0946706200', '123 Main St'),
(385, 'Jennifer', 'Taylor', 'jennifer.taylor381@example.com', '$2y$10$fYcd.wHqaj.z7vexzyPX0uUpV1sMRuQz/eu0y2RqJwF39R1uIU5SS', '0930289283', '1304 Poplar St'),
(386, 'Megan', 'Harris', 'megan.harris382@example.com', '$2y$10$fYcd.wHqaj.z7vexzyPX0uUpV1sMRuQz/eu0y2RqJwF39R1uIU5SS', '0935245895', '1001 Walnut St'),
(387, 'Megan', 'Wilson', 'megan.wilson383@example.com', '$2y$10$fYcd.wHqaj.z7vexzyPX0uUpV1sMRuQz/eu0y2RqJwF39R1uIU5SS', '0926713193', '808 Aspen St'),
(388, 'Matthew', 'Moore', 'matthew.moore384@example.com', '$2y$10$fYcd.wHqaj.z7vexzyPX0uUpV1sMRuQz/eu0y2RqJwF39R1uIU5SS', '0964607113', '789 Oak St'),
(389, 'Amanda', 'Martin', 'amanda.martin385@example.com', '$2y$10$fYcd.wHqaj.z7vexzyPX0uUpV1sMRuQz/eu0y2RqJwF39R1uIU5SS', '0990601117', '123 Main St'),
(390, 'Michael', 'Martinez', 'michael.martinez386@example.com', '$2y$10$fYcd.wHqaj.z7vexzyPX0uUpV1sMRuQz/eu0y2RqJwF39R1uIU5SS', '0967188013', '1203 Hickory St'),
(391, 'James', 'Davis', 'james.davis387@example.com', '$2y$10$fYcd.wHqaj.z7vexzyPX0uUpV1sMRuQz/eu0y2RqJwF39R1uIU5SS', '0942690288', '1102 Chestnut St'),
(392, 'Amanda', 'Moore', 'amanda.moore388@example.com', '$2y$10$fYcd.wHqaj.z7vexzyPX0uUpV1sMRuQz/eu0y2RqJwF39R1uIU5SS', '0935324003', '1708 Sequoia St'),
(393, 'Emily', 'Martin', 'emily.martin389@example.com', '$2y$10$fYcd.wHqaj.z7vexzyPX0uUpV1sMRuQz/eu0y2RqJwF39R1uIU5SS', '0932536944', '1708 Sequoia St'),
(394, 'Thomas', 'Martin', 'thomas.martin390@example.com', '$2y$10$fYcd.wHqaj.z7vexzyPX0uUpV1sMRuQz/eu0y2RqJwF39R1uIU5SS', '0961814715', '303 Cedar St'),
(395, 'John', 'Jones', 'john.jones391@example.com', '$2y$10$fYcd.wHqaj.z7vexzyPX0uUpV1sMRuQz/eu0y2RqJwF39R1uIU5SS', '0918484045', '909 Magnolia Ave'),
(396, 'Charles', 'Miller', 'charles.miller392@example.com', '$2y$10$fYcd.wHqaj.z7vexzyPX0uUpV1sMRuQz/eu0y2RqJwF39R1uIU5SS', '0973764447', '1607 Alder St'),
(397, 'Sarah', 'White', 'sarah.white393@example.com', '$2y$10$fYcd.wHqaj.z7vexzyPX0uUpV1sMRuQz/eu0y2RqJwF39R1uIU5SS', '0935795003', '303 Cedar St'),
(399, 'Amanda', 'Davis', 'amanda.davis395@example.com', '$2y$10$fYcd.wHqaj.z7vexzyPX0uUpV1sMRuQz/eu0y2RqJwF39R1uIU5SS', '0942433628', '1304 Poplar St'),
(400, 'Cesar', 'AmaalaCindy', 'amanda.miller396@example.com', '$2y$10$fYcd.wHqaj.z7vexzyPX0uUpV1sMRuQz/eu0y2RqJwF39R1uIU5SS', '0937582747', '1203 Hickory St'),
(402, 'William', 'White', 'william.white398@example.com', '$2y$10$fYcd.wHqaj.z7vexzyPX0uUpV1sMRuQz/eu0y2RqJwF39R1uIU5SS', '0944460622', '1203 Hickory St'),
(404, 'Kevin Enrique', 'Rivera Figueroa', 'eyariveras@gmail.com', '$2y$10$gTguLLTEDTO3SYSN0ApzQOz0FmgeUFd3a9ggyX4JZgfVTHN41Ns5y', '2132-2415', 'Santa Ana'),
(405, 'Esdras ', 'Zelada', 'orjeleo4@gmail.com', '$2y$10$pcBNZyi66TnyABI/95WHbO9wPauDb8yvz8bnUeBt/JdEy3/lL1VAa', '32313234', 'Santa Ana'),
(406, 'Ricardo', 'Quintanilla', 'juegocok.8.2016@gmail.com', '$2y$10$tr.Jla.DR1XfhFCMxODHf.HU8prhVMU9X2MKvfMKR5KzrFQHzH7qi', '12091291', 'Santa Ana'),
(407, 'esdras', 'frenon', 'esdraszelada234@gmail.com', '$2y$10$ljr9s1vO17CiN7TKQUiMPeCMKj8x4/fJW3t29LfgI4toxiaygDhqi', '2133-1321', 'lima, peru'),
(408, 'Kevin ', 'joven', 'kevinpiketes@gmail.com', '$2y$10$9bLo2w87QLFor71PGH1Z2.8D49EWW6I8JVLQq4juM12IjKeobGPCy', '2132-2415', 'santa ana '),
(409, 'alberto', 'morales', 'alberto23recinos@gmail.com', '$2y$10$K/qImfetW9O2MboL7yd4Belh4xGX0PHTrqb4KmuDgRC3PmJOPur8K', '23099832', 'santa ana '),
(410, 'William', 'Lineres', 'gawan51937@operades.com', '$2y$10$dsrNAknJgnPBXZ2i/QCdHepb3tsVRhS6DRmeiHwVcI3q2WviVNx0S', '30239232', 'santa ana'),
(411, 'Cesar Stanley', 'Rivera Figueroa', 'stanleyfigueroa2021@gmail.com', '$2y$10$qrGPjEg3P8jRmcSYDmDsIuyaAPPWkm.6ipbba9pBYEajSCoMlf0MW', '76763350', 'santa ana norte');

--
-- Índices para tablas volcadas
--

--
-- Indices de la tabla `cart`
--
ALTER TABLE `cart`
  ADD PRIMARY KEY (`id`);

--
-- Indices de la tabla `category_list`
--
ALTER TABLE `category_list`
  ADD PRIMARY KEY (`id`);

--
-- Indices de la tabla `orders`
--
ALTER TABLE `orders`
  ADD PRIMARY KEY (`id`);

--
-- Indices de la tabla `order_list`
--
ALTER TABLE `order_list`
  ADD PRIMARY KEY (`id`);

--
-- Indices de la tabla `product_list`
--
ALTER TABLE `product_list`
  ADD PRIMARY KEY (`id`);

--
-- Indices de la tabla `system_settings`
--
ALTER TABLE `system_settings`
  ADD PRIMARY KEY (`id`);

--
-- Indices de la tabla `users`
--
ALTER TABLE `users`
  ADD PRIMARY KEY (`id`);

--
-- Indices de la tabla `user_info`
--
ALTER TABLE `user_info`
  ADD PRIMARY KEY (`user_id`);

--
-- AUTO_INCREMENT de las tablas volcadas
--

--
-- AUTO_INCREMENT de la tabla `cart`
--
ALTER TABLE `cart`
  MODIFY `id` int(30) NOT NULL AUTO_INCREMENT, AUTO_INCREMENT=97;

--
-- AUTO_INCREMENT de la tabla `category_list`
--
ALTER TABLE `category_list`
  MODIFY `id` int(30) NOT NULL AUTO_INCREMENT, AUTO_INCREMENT=15;

--
-- AUTO_INCREMENT de la tabla `orders`
--
ALTER TABLE `orders`
  MODIFY `id` int(30) NOT NULL AUTO_INCREMENT, AUTO_INCREMENT=34;

--
-- AUTO_INCREMENT de la tabla `order_list`
--
ALTER TABLE `order_list`
  MODIFY `id` int(30) NOT NULL AUTO_INCREMENT, AUTO_INCREMENT=72;

--
-- AUTO_INCREMENT de la tabla `product_list`
--
ALTER TABLE `product_list`
  MODIFY `id` int(30) NOT NULL AUTO_INCREMENT, AUTO_INCREMENT=105;

--
-- AUTO_INCREMENT de la tabla `system_settings`
--
ALTER TABLE `system_settings`
  MODIFY `id` int(30) NOT NULL AUTO_INCREMENT, AUTO_INCREMENT=4;

--
-- AUTO_INCREMENT de la tabla `users`
--
ALTER TABLE `users`
  MODIFY `id` int(30) NOT NULL AUTO_INCREMENT, AUTO_INCREMENT=83;

--
-- AUTO_INCREMENT de la tabla `user_info`
--
ALTER TABLE `user_info`
  MODIFY `user_id` int(10) NOT NULL AUTO_INCREMENT, AUTO_INCREMENT=412;
COMMIT;

/*!40101 SET CHARACTER_SET_CLIENT=@OLD_CHARACTER_SET_CLIENT */;
/*!40101 SET CHARACTER_SET_RESULTS=@OLD_CHARACTER_SET_RESULTS */;
/*!40101 SET COLLATION_CONNECTION=@OLD_COLLATION_CONNECTION */;
